Millis,DutyCycle,ADC,Voltage(V),Resistance(ohm),LUX
1873, 0.0, 17.00, 0.01V, 2399411.75, 0.46
1931, 0.0, 16.20, 0.01V, 2518395.00, 0.44
1990, 0.0, 16.40, 0.01V, 2487561.00, 0.44
2048, 0.0, 14.20, 0.01V, 2874507.25, 0.39
2107, 0.0, 16.80, 0.01V, 2428095.50, 0.45
2165, 0.0, 17.80, 0.01V, 2291123.75, 0.48
2224, 0.0, 16.40, 0.01V, 2487561.00, 0.44
2282, 0.0, 18.00, 0.01V, 2265555.50, 0.48
2341, 0.0, 17.20, 0.01V, 2371395.25, 0.46
2399, 0.0, 20.00, 0.02V, 2038000.00, 0.52
2458, 0.0, 17.40, 0.01V, 2344023.00, 0.47
2517, 0.0, 16.80, 0.01V, 2428095.50, 0.45
2575, 0.0, 16.00, 0.01V, 2550000.00, 0.43
2634, 0.0, 21.60, 0.02V, 1886296.25, 0.56
2692, 0.0, 14.00, 0.01V, 2915714.00, 0.39
2751, 0.0, 17.60, 0.01V, 2317272.75, 0.47
2809, 0.0, 17.80, 0.01V, 2291123.75, 0.48
2868, 0.0, 16.20, 0.01V, 2518395.00, 0.44
2926, 0.0, 13.00, 0.01V, 3140769.25, 0.36
2985, 0.0, 16.80, 0.01V, 2428095.50, 0.45
3043, 0.0, 21.20, 0.02V, 1922075.50, 0.55
3102, 0.0, 16.40, 0.01V, 2487561.00, 0.44
3160, 0.0, 16.40, 0.01V, 2487561.00, 0.44
3219, 0.0, 16.20, 0.01V, 2518395.00, 0.44
3278, 0.0, 16.20, 0.01V, 2518395.00, 0.44
3336, 0.0, 17.40, 0.01V, 2344023.00, 0.47
3395, 0.0, 14.60, 0.01V, 2795479.50, 0.40
3453, 0.0, 20.60, 0.02V, 1978349.50, 0.54
3512, 0.0, 12.00, 0.01V, 3403333.50, 0.34
3570, 0.0, 13.60, 0.01V, 3001764.50, 0.38
3629, 0.0, 17.60, 0.01V, 2317272.75, 0.47
3687, 0.0, 16.80, 0.01V, 2428095.50, 0.45
3746, 0.0, 17.40, 0.01V, 2344023.00, 0.47
3804, 0.0, 12.00, 0.01V, 3403333.50, 0.34
3863, 0.0, 16.20, 0.01V, 2518395.00, 0.44
3921, 0.0, 16.60, 0.01V, 2457470.00, 0.45
3980, 0.0, 13.80, 0.01V, 2958115.75, 0.38
4039, 0.0, 17.00, 0.01V, 2399411.75, 0.46
4097, 0.0, 16.60, 0.01V, 2457470.00, 0.45
4156, 0.0, 17.00, 0.01V, 2399411.75, 0.46
4214, 0.0, 16.20, 0.01V, 2518395.00, 0.44
4273, 0.0, 15.00, 0.01V, 2720666.50, 0.41
4331, 0.0, 14.60, 0.01V, 2795479.50, 0.40
4390, 0.0, 15.80, 0.01V, 2582405.00, 0.43
4448, 0.0, 16.80, 0.01V, 2428095.50, 0.45
4507, 0.0, 14.40, 0.01V, 2834444.50, 0.40
4565, 0.0, 16.40, 0.01V, 2487561.00, 0.44
4624, 0.0, 11.20, 0.01V, 3647143.00, 0.32
4682, 0.0, 16.00, 0.01V, 2550000.00, 0.43
4741, 0.0, 15.00, 0.01V, 2720666.50, 0.41
4800, 0.0, 17.60, 0.01V, 2317272.75, 0.47
4858, 0.0, 18.20, 0.01V, 2240549.25, 0.48
4917, 0.0, 14.00, 0.01V, 2915714.00, 0.39
4975, 0.0, 16.60, 0.01V, 2457470.00, 0.45
5034, 0.0, 16.60, 0.01V, 2457470.00, 0.45
5092, 0.0, 16.80, 0.01V, 2428095.50, 0.45
5151, 0.0, 14.60, 0.01V, 2795479.50, 0.40
5209, 0.0, 16.80, 0.01V, 2428095.50, 0.45
5268, 0.0, 13.80, 0.01V, 2958115.75, 0.38
5326, 0.0, 18.20, 0.01V, 2240549.25, 0.48
5385, 0.0, 12.60, 0.01V, 3240793.50, 0.36
5443, 0.0, 16.20, 0.01V, 2518395.00, 0.44
5502, 0.0, 16.60, 0.01V, 2457470.00, 0.45
5561, 0.0, 17.20, 0.01V, 2371395.25, 0.46
5619, 0.0, 16.60, 0.01V, 2457470.00, 0.45
5678, 0.0, 17.20, 0.01V, 2371395.25, 0.46
5736, 0.0, 18.00, 0.01V, 2265555.50, 0.48
5795, 0.0, 17.40, 0.01V, 2344023.00, 0.47
5853, 0.0, 16.60, 0.01V, 2457470.00, 0.45
5912, 0.0, 12.00, 0.01V, 3403333.50, 0.34
5970, 0.0, 20.20, 0.02V, 2017722.62, 0.53
6029, 0.1, 16.80, 0.01V, 2428095.50, 0.45
6088, 0.1, 14.20, 0.01V, 2874507.25, 0.39
6147, 0.1, 17.40, 0.01V, 2344023.00, 0.47
6205, 0.1, 18.00, 0.01V, 2265555.50, 0.48
6264, 0.1, 24.40, 0.02V, 1668688.50, 0.62
6323, 0.1, 16.60, 0.01V, 2457470.00, 0.45
6381, 0.1, 19.40, 0.02V, 2101340.25, 0.51
6440, 0.1, 21.40, 0.02V, 1904018.88, 0.56
6499, 0.1, 18.00, 0.01V, 2265555.50, 0.48
6557, 0.1, 21.40, 0.02V, 1904018.88, 0.56
6616, 0.1, 18.40, 0.01V, 2216087.00, 0.49
6675, 0.1, 18.60, 0.01V, 2192150.50, 0.49
6733, 0.1, 18.40, 0.01V, 2216087.00, 0.49
6792, 0.1, 22.20, 0.02V, 1835045.00, 0.57
6851, 0.1, 22.00, 0.02V, 1851818.25, 0.57
6909, 0.1, 19.00, 0.02V, 2145789.50, 0.50
6968, 0.1, 22.20, 0.02V, 1835045.00, 0.57
7027, 0.1, 21.00, 0.02V, 1940476.25, 0.55
7085, 0.1, 21.20, 0.02V, 1922075.50, 0.55
7144, 0.1, 24.20, 0.02V, 1682562.00, 0.62
7203, 0.1, 24.20, 0.02V, 1682562.00, 0.62
7261, 0.1, 24.00, 0.02V, 1696666.75, 0.61
7320, 0.1, 23.80, 0.02V, 1711008.50, 0.61
7379, 0.1, 25.60, 0.02V, 1589999.88, 0.65
7437, 0.1, 24.80, 0.02V, 1641613.00, 0.63
7496, 0.1, 24.40, 0.02V, 1668688.50, 0.62
7555, 0.1, 26.40, 0.02V, 1541515.25, 0.66
7613, 0.1, 25.40, 0.02V, 1602598.38, 0.64
7672, 0.1, 24.60, 0.02V, 1655040.62, 0.62
7731, 0.1, 22.60, 0.02V, 1802389.38, 0.58
7790, 0.1, 25.60, 0.02V, 1589999.88, 0.65
7849, 0.1, 25.20, 0.02V, 1615396.75, 0.64
7907, 0.1, 25.40, 0.02V, 1602598.38, 0.64
7966, 0.1, 23.00, 0.02V, 1770869.50, 0.59
8025, 0.1, 28.40, 0.02V, 1432253.62, 0.71
8084, 0.1, 27.60, 0.02V, 1474057.88, 0.69
8142, 0.1, 27.60, 0.02V, 1474057.88, 0.69
8201, 0.1, 24.20, 0.02V, 1682562.00, 0.62
8260, 0.1, 26.40, 0.02V, 1541515.25, 0.66
8319, 0.1, 30.00, 0.02V, 1355333.25, 0.74
8377, 0.1, 26.40, 0.02V, 1541515.25, 0.66
8436, 0.1, 24.40, 0.02V, 1668688.50, 0.62
8495, 0.1, 26.80, 0.02V, 1518358.25, 0.67
8553, 0.1, 24.20, 0.02V, 1682562.00, 0.62
8612, 0.1, 27.40, 0.02V, 1484890.62, 0.68
8671, 0.1, 27.40, 0.02V, 1484890.62, 0.68
8730, 0.1, 22.40, 0.02V, 1818571.50, 0.58
8788, 0.1, 24.80, 0.02V, 1641613.00, 0.63
8847, 0.1, 30.20, 0.02V, 1346291.38, 0.74
8906, 0.1, 31.00, 0.02V, 1311290.38, 0.76
8964, 0.1, 32.40, 0.03V, 1254197.50, 0.79
9023, 0.1, 25.20, 0.02V, 1615396.75, 0.64
9082, 0.1, 28.60, 0.02V, 1422167.88, 0.71
9141, 0.1, 27.00, 0.02V, 1507037.00, 0.68
9199, 0.1, 27.40, 0.02V, 1484890.62, 0.68
9258, 0.1, 29.40, 0.02V, 1383197.38, 0.73
9317, 0.1, 28.60, 0.02V, 1422167.88, 0.71
9376, 0.1, 27.20, 0.02V, 1495882.25, 0.68
9434, 0.1, 27.60, 0.02V, 1474057.88, 0.69
9493, 0.1, 27.60, 0.02V, 1474057.88, 0.69
9552, 0.1, 27.40, 0.02V, 1484890.62, 0.68
9611, 0.1, 27.60, 0.02V, 1474057.88, 0.69
9670, 0.1, 25.00, 0.02V, 1628400.00, 0.63
9728, 0.1, 25.40, 0.02V, 1602598.38, 0.64
9787, 0.1, 24.80, 0.02V, 1641613.00, 0.63
9846, 0.1, 27.40, 0.02V, 1484890.62, 0.68
9904, 0.1, 32.60, 0.03V, 1246441.75, 0.79
9963, 0.1, 32.20, 0.03V, 1262049.62, 0.78
10022, 0.1, 27.80, 0.02V, 1463381.38, 0.69
10081, 0.1, 27.80, 0.02V, 1463381.38, 0.69
10140, 0.1, 23.40, 0.02V, 1740427.25, 0.60
10198, 0.1, 29.00, 0.02V, 1402413.75, 0.72
10257, 0.1, 26.40, 0.02V, 1541515.25, 0.66
10316, 0.1, 24.60, 0.02V, 1655040.62, 0.62
10374, 0.1, 27.80, 0.02V, 1463381.38, 0.69
10433, 0.1, 26.60, 0.02V, 1529849.50, 0.67
10492, 0.1, 25.80, 0.02V, 1577596.88, 0.65
10551, 0.1, 26.00, 0.02V, 1565384.62, 0.65
10610, 0.1, 28.40, 0.02V, 1432253.62, 0.71
10668, 0.1, 21.80, 0.02V, 1868899.25, 0.56
10727, 0.1, 27.80, 0.02V, 1463381.38, 0.69
10786, 0.1, 29.20, 0.02V, 1392739.75, 0.72
10844, 0.1, 29.20, 0.02V, 1392739.75, 0.72
10903, 0.1, 30.00, 0.02V, 1355333.25, 0.74
10962, 0.1, 28.00, 0.02V, 1452857.00, 0.70
11020, 0.1, 26.00, 0.02V, 1565384.62, 0.65
11079, 0.1, 28.80, 0.02V, 1412222.25, 0.71
11138, 0.1, 28.40, 0.02V, 1432253.62, 0.71
11197, 0.1, 29.00, 0.02V, 1402413.75, 0.72
11255, 0.1, 27.00, 0.02V, 1507037.00, 0.68
11314, 0.1, 28.80, 0.02V, 1412222.25, 0.71
11373, 0.1, 29.40, 0.02V, 1383197.38, 0.73
11432, 0.1, 30.40, 0.02V, 1337368.50, 0.75
11490, 0.1, 29.00, 0.02V, 1402413.75, 0.72
11549, 0.1, 28.80, 0.02V, 1412222.25, 0.71
11608, 0.1, 26.40, 0.02V, 1541515.25, 0.66
11666, 0.1, 29.80, 0.02V, 1364496.62, 0.74
11725, 0.1, 28.80, 0.02V, 1412222.25, 0.71
11784, 0.1, 24.60, 0.02V, 1655040.62, 0.62
11842, 0.1, 29.00, 0.02V, 1402413.75, 0.72
11901, 0.1, 28.80, 0.02V, 1412222.25, 0.71
11960, 0.1, 29.40, 0.02V, 1383197.38, 0.73
12019, 0.1, 24.80, 0.02V, 1641613.00, 0.63
12077, 0.2, 23.20, 0.02V, 1755517.12, 0.59
12136, 0.2, 31.40, 0.03V, 1294458.62, 0.77
12195, 0.2, 34.60, 0.03V, 1173815.12, 0.83
12254, 0.2, 40.20, 0.03V, 1008905.44, 0.95
12312, 0.2, 42.80, 0.03V, 947009.44, 1.00
12371, 0.2, 41.20, 0.03V, 984174.75, 0.97
12429, 0.2, 44.20, 0.04V, 916696.75, 1.03
12488, 0.2, 46.00, 0.04V, 880434.75, 1.06
12546, 0.2, 45.20, 0.04V, 896194.69, 1.05
12605, 0.2, 45.20, 0.04V, 896194.69, 1.05
12663, 0.2, 46.00, 0.04V, 880434.75, 1.06
12722, 0.2, 47.20, 0.04V, 857796.62, 1.09
12781, 0.2, 49.60, 0.04V, 815806.50, 1.13
12839, 0.2, 36.00, 0.03V, 1127777.75, 0.86
12898, 0.2, 48.40, 0.04V, 836281.00, 1.11
12956, 0.2, 48.00, 0.04V, 843333.38, 1.10
13015, 0.2, 47.60, 0.04V, 850504.25, 1.09
13074, 0.2, 50.40, 0.04V, 802698.38, 1.15
13132, 0.2, 53.60, 0.04V, 754179.12, 1.21
13191, 0.2, 48.20, 0.04V, 839792.56, 1.11
13250, 0.2, 49.80, 0.04V, 812489.94, 1.14
13308, 0.2, 45.00, 0.04V, 900222.25, 1.04
13367, 0.2, 48.80, 0.04V, 829344.25, 1.12
13425, 0.2, 46.20, 0.04V, 876580.06, 1.07
13484, 0.2, 48.80, 0.04V, 829344.25, 1.12
13543, 0.2, 47.00, 0.04V, 861489.44, 1.08
13601, 0.2, 48.80, 0.04V, 829344.25, 1.12
13660, 0.2, 50.80, 0.04V, 796299.19, 1.16
13718, 0.2, 49.60, 0.04V, 815806.50, 1.13
13777, 0.2, 49.60, 0.04V, 815806.50, 1.13
13835, 0.2, 50.80, 0.04V, 796299.19, 1.16
13894, 0.2, 45.60, 0.04V, 888245.62, 1.05
13953, 0.2, 48.40, 0.04V, 836281.00, 1.11
14011, 0.2, 47.20, 0.04V, 857796.62, 1.09
14070, 0.2, 44.00, 0.04V, 920909.12, 1.02
14129, 0.2, 53.80, 0.04V, 751338.25, 1.21
14187, 0.2, 53.20, 0.04V, 759924.75, 1.20
14246, 0.2, 48.40, 0.04V, 836281.00, 1.11
14304, 0.2, 47.80, 0.04V, 846903.81, 1.10
14363, 0.2, 48.80, 0.04V, 829344.25, 1.12
14421, 0.2, 50.20, 0.04V, 805936.19, 1.14
14480, 0.2, 50.40, 0.04V, 802698.38, 1.15
14539, 0.2, 51.20, 0.04V, 789999.94, 1.16
14597, 0.2, 48.60, 0.04V, 832798.38, 1.11
14656, 0.2, 50.20, 0.04V, 805936.19, 1.14
14715, 0.2, 51.80, 0.04V, 780733.56, 1.18
14773, 0.2, 48.60, 0.04V, 832798.38, 1.11
14832, 0.2, 50.80, 0.04V, 796299.19, 1.16
14891, 0.2, 48.80, 0.04V, 829344.25, 1.12
14949, 0.2, 49.00, 0.04V, 825918.38, 1.12
15008, 0.2, 52.40, 0.04V, 771679.38, 1.19
15067, 0.2, 52.40, 0.04V, 771679.38, 1.19
15125, 0.2, 50.40, 0.04V, 802698.38, 1.15
15184, 0.2, 49.00, 0.04V, 825918.38, 1.12
15243, 0.2, 49.00, 0.04V, 825918.38, 1.12
15302, 0.2, 51.60, 0.04V, 783798.44, 1.17
15360, 0.2, 52.40, 0.04V, 771679.38, 1.19
15419, 0.2, 53.80, 0.04V, 751338.25, 1.21
15477, 0.2, 48.00, 0.04V, 843333.38, 1.10
15536, 0.2, 52.80, 0.04V, 765757.62, 1.19
15595, 0.2, 49.80, 0.04V, 812489.94, 1.14
15653, 0.2, 51.20, 0.04V, 789999.94, 1.16
15712, 0.2, 49.80, 0.04V, 812489.94, 1.14
15771, 0.2, 51.40, 0.04V, 786887.19, 1.17
15829, 0.2, 49.60, 0.04V, 815806.50, 1.13
15888, 0.2, 58.80, 0.05V, 686598.69, 1.31
15946, 0.2, 51.60, 0.04V, 783798.44, 1.17
16005, 0.2, 51.40, 0.04V, 786887.19, 1.17
16063, 0.2, 52.00, 0.04V, 777692.31, 1.18
16122, 0.2, 51.40, 0.04V, 786887.19, 1.17
16180, 0.2, 53.40, 0.04V, 757041.19, 1.21
16239, 0.2, 54.40, 0.04V, 742941.12, 1.23
16298, 0.2, 52.80, 0.04V, 765757.62, 1.19
16356, 0.2, 53.40, 0.04V, 757041.19, 1.21
16415, 0.2, 52.80, 0.04V, 765757.62, 1.19
16474, 0.2, 53.20, 0.04V, 759924.75, 1.20
16532, 0.2, 50.00, 0.04V, 809200.00, 1.14
16591, 0.2, 52.00, 0.04V, 777692.31, 1.18
16650, 0.2, 50.40, 0.04V, 802698.38, 1.15
16708, 0.2, 54.60, 0.04V, 740183.19, 1.23
16767, 0.2, 52.20, 0.04V, 774674.38, 1.18
16826, 0.2, 52.20, 0.04V, 774674.38, 1.18
16884, 0.2, 48.00, 0.04V, 843333.38, 1.10
16943, 0.2, 52.80, 0.04V, 765757.62, 1.19
17002, 0.2, 52.00, 0.04V, 777692.31, 1.18
17060, 0.2, 52.60, 0.04V, 768707.25, 1.19
17119, 0.2, 53.00, 0.04V, 762830.19, 1.20
17178, 0.2, 51.20, 0.04V, 789999.94, 1.16
17236, 0.2, 52.80, 0.04V, 765757.62, 1.19
17295, 0.2, 52.20, 0.04V, 774674.38, 1.18
17354, 0.2, 52.40, 0.04V, 771679.38, 1.19
17412, 0.2, 52.20, 0.04V, 774674.38, 1.18
17471, 0.2, 52.20, 0.04V, 774674.38, 1.18
17530, 0.2, 49.80, 0.04V, 812489.94, 1.14
17588, 0.2, 52.20, 0.04V, 774674.38, 1.18
17647, 0.2, 53.60, 0.04V, 754179.12, 1.21
17706, 0.2, 52.60, 0.04V, 768707.25, 1.19
17765, 0.2, 52.80, 0.04V, 765757.62, 1.19
17823, 0.2, 53.20, 0.04V, 759924.75, 1.20
17882, 0.2, 50.20, 0.04V, 805936.19, 1.14
17940, 0.2, 50.60, 0.04V, 799486.19, 1.15
17999, 0.2, 52.40, 0.04V, 771679.38, 1.19
18058, 0.2, 50.60, 0.04V, 799486.19, 1.15
18116, 0.3, 50.20, 0.04V, 805936.19, 1.14
18175, 0.3, 60.20, 0.05V, 670398.62, 1.34
18234, 0.3, 63.40, 0.05V, 636056.75, 1.40
18292, 0.3, 68.20, 0.05V, 590586.56, 1.49
18351, 0.3, 66.00, 0.05V, 610606.06, 1.45
18409, 0.3, 80.60, 0.06V, 498188.62, 1.72
18468, 0.3, 74.80, 0.06V, 537593.56, 1.61
18527, 0.3, 74.60, 0.06V, 539061.69, 1.61
18585, 0.3, 75.00, 0.06V, 536133.31, 1.61
18644, 0.3, 75.40, 0.06V, 533236.06, 1.62
18702, 0.3, 76.00, 0.06V, 528947.38, 1.63
18761, 0.3, 76.60, 0.06V, 524725.81, 1.64
18820, 0.3, 74.20, 0.06V, 542021.62, 1.60
18878, 0.3, 75.40, 0.06V, 533236.06, 1.62
18937, 0.3, 77.20, 0.06V, 520570.00, 1.65
18995, 0.3, 74.20, 0.06V, 542021.62, 1.60
19054, 0.3, 74.00, 0.06V, 543513.50, 1.59
19113, 0.3, 77.80, 0.06V, 516478.09, 1.66
19171, 0.3, 76.00, 0.06V, 528947.38, 1.63
19230, 0.3, 76.60, 0.06V, 524725.81, 1.64
19289, 0.3, 78.20, 0.06V, 513785.16, 1.67
19347, 0.3, 77.20, 0.06V, 520570.00, 1.65
19406, 0.3, 77.40, 0.06V, 519198.94, 1.66
19464, 0.3, 78.40, 0.06V, 512448.97, 1.67
19523, 0.3, 79.20, 0.06V, 507171.75, 1.69
19581, 0.3, 79.20, 0.06V, 507171.75, 1.69
19640, 0.3, 73.20, 0.06V, 549562.88, 1.58
19699, 0.3, 75.20, 0.06V, 534680.88, 1.62
19757, 0.3, 77.80, 0.06V, 516478.09, 1.66
19816, 0.3, 78.00, 0.06V, 515128.22, 1.67
19875, 0.3, 77.60, 0.06V, 517835.09, 1.66
19933, 0.3, 79.20, 0.06V, 507171.75, 1.69
19992, 0.3, 77.80, 0.06V, 516478.09, 1.66
20050, 0.3, 78.60, 0.06V, 511119.56, 1.68
20109, 0.3, 76.00, 0.06V, 528947.38, 1.63
20168, 0.3, 78.00, 0.06V, 515128.22, 1.67
20226, 0.3, 78.20, 0.06V, 513785.16, 1.67
20285, 0.3, 78.60, 0.06V, 511119.56, 1.68
20343, 0.3, 78.00, 0.06V, 515128.22, 1.67
20402, 0.3, 79.20, 0.06V, 507171.75, 1.69
20460, 0.3, 78.80, 0.06V, 509796.94, 1.68
20519, 0.3, 78.20, 0.06V, 513785.16, 1.67
20578, 0.3, 76.40, 0.06V, 526125.62, 1.64
20636, 0.3, 74.60, 0.06V, 539061.69, 1.61
20695, 0.3, 78.00, 0.06V, 515128.22, 1.67
20753, 0.3, 78.20, 0.06V, 513785.16, 1.67
20812, 0.3, 78.40, 0.06V, 512448.97, 1.67
20870, 0.3, 80.00, 0.06V, 502000.00, 1.70
20929, 0.3, 76.00, 0.06V, 528947.38, 1.63
20988, 0.3, 78.20, 0.06V, 513785.16, 1.67
21046, 0.3, 79.80, 0.06V, 503283.19, 1.70
21105, 0.3, 79.40, 0.06V, 505869.03, 1.69
21163, 0.3, 76.80, 0.06V, 523333.31, 1.65
21222, 0.3, 79.00, 0.06V, 508481.03, 1.69
21281, 0.3, 79.60, 0.06V, 504572.88, 1.70
21339, 0.3, 78.80, 0.06V, 509796.94, 1.68
21398, 0.3, 80.00, 0.06V, 502000.00, 1.70
21456, 0.3, 79.80, 0.06V, 503283.19, 1.70
21515, 0.3, 79.80, 0.06V, 503283.19, 1.70
21574, 0.3, 80.20, 0.06V, 500723.22, 1.71
21632, 0.3, 79.60, 0.06V, 504572.88, 1.70
21691, 0.3, 78.20, 0.06V, 513785.16, 1.67
21749, 0.3, 77.00, 0.06V, 521948.06, 1.65
21808, 0.3, 79.00, 0.06V, 508481.03, 1.69
21867, 0.3, 79.60, 0.06V, 504572.88, 1.70
21925, 0.3, 78.00, 0.06V, 515128.22, 1.67
21984, 0.3, 80.60, 0.06V, 498188.62, 1.72
22043, 0.3, 73.80, 0.06V, 545013.50, 1.59
22101, 0.3, 80.40, 0.06V, 499452.72, 1.71
22160, 0.3, 79.20, 0.06V, 507171.75, 1.69
22218, 0.3, 79.60, 0.06V, 504572.88, 1.70
22277, 0.3, 79.60, 0.06V, 504572.88, 1.70
22336, 0.3, 79.40, 0.06V, 505869.03, 1.69
22394, 0.3, 77.80, 0.06V, 516478.09, 1.66
22453, 0.3, 79.60, 0.06V, 504572.88, 1.70
22512, 0.3, 77.80, 0.06V, 516478.09, 1.66
22570, 0.3, 79.40, 0.06V, 505869.03, 1.69
22629, 0.3, 77.60, 0.06V, 517835.09, 1.66
22687, 0.3, 80.80, 0.07V, 496930.66, 1.72
22746, 0.3, 78.80, 0.06V, 509796.94, 1.68
22804, 0.3, 80.20, 0.06V, 500723.22, 1.71
22863, 0.3, 79.60, 0.06V, 504572.88, 1.70
22922, 0.3, 90.00, 0.07V, 445111.12, 1.89
22981, 0.3, 80.40, 0.06V, 499452.72, 1.71
23039, 0.3, 78.20, 0.06V, 513785.16, 1.67
23098, 0.3, 78.40, 0.06V, 512448.97, 1.67
23156, 0.3, 79.60, 0.06V, 504572.88, 1.70
23215, 0.3, 79.60, 0.06V, 504572.88, 1.70
23274, 0.3, 80.80, 0.07V, 496930.66, 1.72
23332, 0.3, 78.60, 0.06V, 511119.56, 1.68
23391, 0.3, 76.20, 0.06V, 527532.81, 1.63
23449, 0.3, 80.00, 0.06V, 502000.00, 1.70
23508, 0.3, 80.00, 0.06V, 502000.00, 1.70
23567, 0.3, 80.40, 0.06V, 499452.72, 1.71
23625, 0.3, 80.80, 0.07V, 496930.66, 1.72
23684, 0.3, 80.20, 0.06V, 500723.22, 1.71
23742, 0.3, 77.80, 0.06V, 516478.09, 1.66
23801, 0.3, 80.00, 0.06V, 502000.00, 1.70
23859, 0.3, 77.20, 0.06V, 520570.00, 1.65
23918, 0.3, 83.80, 0.07V, 478782.81, 1.77
23976, 0.3, 80.40, 0.06V, 499452.72, 1.71
24035, 0.3, 79.80, 0.06V, 503283.19, 1.70
24094, 0.3, 81.80, 0.07V, 490733.50, 1.74
24152, 0.4, 80.20, 0.06V, 500723.22, 1.71
24211, 0.4, 89.20, 0.07V, 449192.84, 1.87
24269, 0.4, 92.60, 0.07V, 432332.62, 1.93
24328, 0.4, 98.60, 0.08V, 405415.81, 2.04
24387, 0.4, 100.20, 0.08V, 398782.47, 2.07
24445, 0.4, 102.80, 0.08V, 388443.59, 2.11
24504, 0.4, 101.60, 0.08V, 393149.59, 2.09
24562, 0.4, 101.80, 0.08V, 392357.56, 2.10
24621, 0.4, 106.00, 0.09V, 376415.09, 2.17
24679, 0.4, 107.00, 0.09V, 372803.72, 2.19
24738, 0.4, 104.60, 0.08V, 381587.00, 2.15
24796, 0.4, 105.80, 0.09V, 377145.53, 2.17
24855, 0.4, 105.60, 0.09V, 377878.81, 2.16
24913, 0.4, 103.60, 0.08V, 385366.78, 2.13
24972, 0.4, 106.80, 0.09V, 373520.59, 2.19
25031, 0.4, 107.00, 0.09V, 372803.72, 2.19
25089, 0.4, 103.80, 0.08V, 384605.00, 2.13
25148, 0.4, 106.40, 0.09V, 374962.38, 2.18
25206, 0.4, 105.00, 0.08V, 380095.22, 2.15
25265, 0.4, 103.80, 0.08V, 384605.00, 2.13
25324, 0.4, 105.60, 0.09V, 377878.81, 2.16
25382, 0.4, 106.60, 0.09V, 374240.16, 2.18
25441, 0.4, 106.60, 0.09V, 374240.16, 2.18
25499, 0.4, 106.00, 0.09V, 376415.09, 2.17
25558, 0.4, 105.40, 0.08V, 378614.78, 2.16
25616, 0.4, 110.60, 0.09V, 360343.59, 2.25
25675, 0.4, 104.60, 0.08V, 381587.00, 2.15
25733, 0.4, 106.00, 0.09V, 376415.09, 2.17
25792, 0.4, 104.60, 0.08V, 381587.00, 2.15
25851, 0.4, 106.80, 0.09V, 373520.59, 2.19
25909, 0.4, 106.80, 0.09V, 373520.59, 2.19
25968, 0.4, 107.80, 0.09V, 369962.88, 2.20
26026, 0.4, 109.60, 0.09V, 363722.66, 2.23
26085, 0.4, 101.80, 0.08V, 392357.56, 2.10
26144, 0.4, 107.80, 0.09V, 369962.88, 2.20
26202, 0.4, 104.80, 0.08V, 380839.69, 2.15
26261, 0.4, 104.80, 0.08V, 380839.69, 2.15
26319, 0.4, 107.20, 0.09V, 372089.56, 2.19
26378, 0.4, 106.80, 0.09V, 373520.59, 2.19
26437, 0.4, 107.20, 0.09V, 372089.56, 2.19
26495, 0.4, 110.60, 0.09V, 360343.59, 2.25
26554, 0.4, 104.00, 0.08V, 383846.16, 2.14
26612, 0.4, 107.00, 0.09V, 372803.72, 2.19
26671, 0.4, 105.20, 0.08V, 379353.62, 2.16
26730, 0.4, 104.60, 0.08V, 381587.00, 2.15
26788, 0.4, 103.00, 0.08V, 387669.91, 2.12
26847, 0.4, 107.20, 0.09V, 372089.56, 2.19
26905, 0.4, 106.00, 0.09V, 376415.09, 2.17
26964, 0.4, 108.20, 0.09V, 368558.25, 2.21
27022, 0.4, 99.60, 0.08V, 401244.97, 2.06
27081, 0.4, 107.00, 0.09V, 372803.72, 2.19
27140, 0.4, 107.80, 0.09V, 369962.88, 2.20
27198, 0.4, 107.00, 0.09V, 372803.72, 2.19
27257, 0.4, 108.40, 0.09V, 367859.75, 2.21
27315, 0.4, 104.60, 0.08V, 381587.00, 2.15
27374, 0.4, 107.20, 0.09V, 372089.56, 2.19
27433, 0.4, 108.00, 0.09V, 369259.25, 2.21
27491, 0.4, 106.40, 0.09V, 374962.38, 2.18
27550, 0.4, 106.60, 0.09V, 374240.16, 2.18
27608, 0.4, 106.60, 0.09V, 374240.16, 2.18
27667, 0.4, 106.60, 0.09V, 374240.16, 2.18
27725, 0.4, 106.60, 0.09V, 374240.16, 2.18
27784, 0.4, 106.60, 0.09V, 374240.16, 2.18
27843, 0.4, 107.60, 0.09V, 370669.12, 2.20
27901, 0.4, 108.00, 0.09V, 369259.25, 2.21
27960, 0.4, 107.00, 0.09V, 372803.72, 2.19
28019, 0.4, 106.40, 0.09V, 374962.38, 2.18
28077, 0.4, 107.00, 0.09V, 372803.72, 2.19
28136, 0.4, 107.80, 0.09V, 369962.88, 2.20
28195, 0.4, 105.60, 0.09V, 377878.81, 2.16
28253, 0.4, 107.60, 0.09V, 370669.12, 2.20
28312, 0.4, 108.60, 0.09V, 367163.88, 2.22
28371, 0.4, 105.40, 0.08V, 378614.78, 2.16
28429, 0.4, 108.20, 0.09V, 368558.25, 2.21
28488, 0.4, 104.20, 0.08V, 383090.22, 2.14
28546, 0.4, 107.60, 0.09V, 370669.12, 2.20
28605, 0.4, 104.20, 0.08V, 383090.22, 2.14
28664, 0.4, 108.00, 0.09V, 369259.25, 2.21
28722, 0.4, 106.60, 0.09V, 374240.16, 2.18
28781, 0.4, 107.00, 0.09V, 372803.72, 2.19
28839, 0.4, 105.20, 0.08V, 379353.62, 2.16
28898, 0.4, 109.00, 0.09V, 365779.84, 2.22
28957, 0.4, 107.40, 0.09V, 371378.03, 2.20
29015, 0.4, 105.00, 0.08V, 380095.22, 2.15
29074, 0.4, 106.80, 0.09V, 373520.59, 2.19
29132, 0.4, 107.60, 0.09V, 370669.12, 2.20
29191, 0.4, 111.40, 0.09V, 357684.03, 2.27
29250, 0.4, 108.80, 0.09V, 366470.56, 2.22
29308, 0.4, 107.60, 0.09V, 370669.12, 2.20
29367, 0.4, 109.80, 0.09V, 363041.88, 2.24
29426, 0.4, 107.20, 0.09V, 372089.56, 2.19
29484, 0.4, 108.20, 0.09V, 368558.25, 2.21
29543, 0.4, 107.40, 0.09V, 371378.03, 2.20
29602, 0.4, 105.40, 0.08V, 378614.78, 2.16
29660, 0.4, 107.60, 0.09V, 370669.12, 2.20
29719, 0.4, 105.60, 0.09V, 377878.81, 2.16
29777, 0.4, 106.20, 0.09V, 375687.38, 2.17
29836, 0.4, 106.20, 0.09V, 375687.38, 2.17
29895, 0.4, 108.00, 0.09V, 369259.25, 2.21
29953, 0.4, 99.80, 0.08V, 400420.84, 2.06
30012, 0.4, 109.60, 0.09V, 363722.66, 2.23
30071, 0.4, 109.40, 0.09V, 364405.88, 2.23
30129, 0.4, 107.20, 0.09V, 372089.56, 2.19
30188, 0.5, 107.80, 0.09V, 369962.88, 2.20
30247, 0.5, 120.60, 0.10V, 329635.16, 2.43
30305, 0.5, 122.60, 0.10V, 324094.62, 2.46
30364, 0.5, 128.60, 0.10V, 308507.00, 2.57
30423, 0.5, 128.60, 0.10V, 308507.00, 2.57
30481, 0.5, 133.20, 0.11V, 297507.50, 2.65
30540, 0.5, 130.20, 0.10V, 304592.94, 2.59
30598, 0.5, 134.40, 0.11V, 294761.94, 2.67
30657, 0.5, 135.40, 0.11V, 292511.09, 2.68
30716, 0.5, 131.80, 0.11V, 300773.88, 2.62
30774, 0.5, 134.00, 0.11V, 295671.66, 2.66
30833, 0.5, 135.40, 0.11V, 292511.09, 2.68
30891, 0.5, 135.20, 0.11V, 292958.59, 2.68
30950, 0.5, 134.60, 0.11V, 294309.03, 2.67
31009, 0.5, 139.20, 0.11V, 284252.88, 2.75
31067, 0.5, 137.60, 0.11V, 287674.41, 2.72
31126, 0.5, 131.80, 0.11V, 300773.88, 2.62
31185, 0.5, 136.00, 0.11V, 291176.47, 2.69
31243, 0.5, 132.80, 0.11V, 298433.75, 2.64
31302, 0.5, 135.40, 0.11V, 292511.09, 2.68
31360, 0.5, 134.20, 0.11V, 295216.09, 2.66
31419, 0.5, 139.20, 0.11V, 284252.88, 2.75
31478, 0.5, 134.60, 0.11V, 294309.03, 2.67
31536, 0.5, 136.00, 0.11V, 291176.47, 2.69
31595, 0.5, 135.60, 0.11V, 292064.88, 2.69
31654, 0.5, 136.00, 0.11V, 291176.47, 2.69
31712, 0.5, 137.40, 0.11V, 288107.72, 2.72
31771, 0.5, 135.20, 0.11V, 292958.59, 2.68
31829, 0.5, 135.80, 0.11V, 291620.00, 2.69
31888, 0.5, 135.80, 0.11V, 291620.00, 2.69
31946, 0.5, 135.80, 0.11V, 291620.00, 2.69
32005, 0.5, 133.00, 0.11V, 297969.94, 2.64
32064, 0.5, 139.40, 0.11V, 283830.72, 2.75
32122, 0.5, 136.00, 0.11V, 291176.47, 2.69
32181, 0.5, 139.60, 0.11V, 283409.72, 2.76
32239, 0.5, 136.60, 0.11V, 289853.59, 2.70
32298, 0.5, 133.40, 0.11V, 297046.50, 2.65
32356, 0.5, 136.40, 0.11V, 290293.28, 2.70
32415, 0.5, 136.80, 0.11V, 289415.22, 2.71
32474, 0.5, 137.00, 0.11V, 288978.09, 2.71
32532, 0.5, 133.20, 0.11V, 297507.50, 2.65
32591, 0.5, 135.40, 0.11V, 292511.09, 2.68
32649, 0.5, 133.80, 0.11V, 296128.53, 2.66
32708, 0.5, 136.00, 0.11V, 291176.47, 2.69
32766, 0.5, 135.60, 0.11V, 292064.88, 2.69
32825, 0.5, 132.00, 0.11V, 300303.03, 2.63
32884, 0.5, 136.00, 0.11V, 291176.47, 2.69
32942, 0.5, 136.00, 0.11V, 291176.47, 2.69
33001, 0.5, 136.40, 0.11V, 290293.28, 2.70
33059, 0.5, 134.60, 0.11V, 294309.03, 2.67
33118, 0.5, 136.20, 0.11V, 290734.22, 2.70
33177, 0.5, 136.20, 0.11V, 290734.22, 2.70
33235, 0.5, 135.40, 0.11V, 292511.09, 2.68
33294, 0.5, 136.00, 0.11V, 291176.47, 2.69
33352, 0.5, 139.60, 0.11V, 283409.72, 2.76
33411, 0.5, 132.00, 0.11V, 300303.03, 2.63
33469, 0.5, 137.40, 0.11V, 288107.72, 2.72
33528, 0.5, 135.60, 0.11V, 292064.88, 2.69
33587, 0.5, 136.00, 0.11V, 291176.47, 2.69
33645, 0.5, 135.60, 0.11V, 292064.88, 2.69
33704, 0.5, 132.00, 0.11V, 300303.03, 2.63
33763, 0.5, 131.60, 0.11V, 301246.22, 2.62
33821, 0.5, 135.80, 0.11V, 291620.00, 2.69
33880, 0.5, 132.40, 0.11V, 299365.56, 2.63
33938, 0.5, 133.60, 0.11V, 296586.81, 2.65
33997, 0.5, 132.00, 0.11V, 300303.03, 2.63
34055, 0.5, 133.40, 0.11V, 297046.50, 2.65
34114, 0.5, 134.60, 0.11V, 294309.03, 2.67
34173, 0.5, 135.80, 0.11V, 291620.00, 2.69
34231, 0.5, 136.20, 0.11V, 290734.22, 2.70
34290, 0.5, 135.00, 0.11V, 293407.41, 2.68
34348, 0.5, 136.40, 0.11V, 290293.28, 2.70
34407, 0.5, 136.00, 0.11V, 291176.47, 2.69
34465, 0.5, 136.80, 0.11V, 289415.22, 2.71
34524, 0.5, 133.60, 0.11V, 296586.81, 2.65
34583, 0.5, 136.20, 0.11V, 290734.22, 2.70
34641, 0.5, 135.60, 0.11V, 292064.88, 2.69
34700, 0.5, 136.00, 0.11V, 291176.47, 2.69
34758, 0.5, 134.80, 0.11V, 293857.56, 2.67
34817, 0.5, 137.40, 0.11V, 288107.72, 2.72
34875, 0.5, 137.20, 0.11V, 288542.28, 2.72
34934, 0.5, 135.80, 0.11V, 291620.00, 2.69
34993, 0.5, 136.40, 0.11V, 290293.28, 2.70
35051, 0.5, 131.40, 0.11V, 301719.94, 2.62
35110, 0.5, 136.80, 0.11V, 289415.22, 2.71
35168, 0.5, 136.60, 0.11V, 289853.59, 2.70
35227, 0.5, 136.60, 0.11V, 289853.59, 2.70
35285, 0.5, 136.20, 0.11V, 290734.22, 2.70
35344, 0.5, 137.40, 0.11V, 288107.72, 2.72
35403, 0.5, 136.00, 0.11V, 291176.47, 2.69
35461, 0.5, 133.00, 0.11V, 297969.94, 2.64
35520, 0.5, 136.60, 0.11V, 289853.59, 2.70
35578, 0.5, 136.20, 0.11V, 290734.22, 2.70
35637, 0.5, 138.00, 0.11V, 286811.59, 2.73
35695, 0.5, 135.80, 0.11V, 291620.00, 2.69
35754, 0.5, 136.20, 0.11V, 290734.22, 2.70
35812, 0.5, 138.80, 0.11V, 285100.88, 2.74
35871, 0.5, 129.80, 0.10V, 305562.41, 2.59
35930, 0.5, 135.80, 0.11V, 291620.00, 2.69
35988, 0.5, 136.60, 0.11V, 289853.59, 2.70
36047, 0.5, 137.40, 0.11V, 288107.72, 2.72
36105, 0.5, 136.20, 0.11V, 290734.22, 2.70
36164, 0.5, 135.20, 0.11V, 292958.59, 2.68
36223, 0.6, 136.60, 0.11V, 289853.59, 2.70
36281, 0.6, 146.40, 0.12V, 269781.44, 2.87
36340, 0.6, 151.80, 0.12V, 259828.72, 2.97
36398, 0.6, 155.40, 0.13V, 253577.88, 3.03
36457, 0.6, 159.00, 0.13V, 247610.05, 3.09
36516, 0.6, 170.20, 0.14V, 230658.05, 3.28
36574, 0.6, 161.80, 0.13V, 243152.03, 3.14
36633, 0.6, 163.80, 0.13V, 240061.05, 3.17
36691, 0.6, 161.60, 0.13V, 243465.33, 3.13
36750, 0.6, 163.40, 0.13V, 240673.20, 3.16
36809, 0.6, 163.40, 0.13V, 240673.20, 3.16
36867, 0.6, 163.20, 0.13V, 240980.39, 3.16
36926, 0.6, 163.00, 0.13V, 241288.36, 3.16
36984, 0.6, 163.20, 0.13V, 240980.39, 3.16
37043, 0.6, 160.80, 0.13V, 244726.36, 3.12
37101, 0.6, 164.20, 0.13V, 239451.89, 3.18
37160, 0.6, 161.40, 0.13V, 243779.44, 3.13
37218, 0.6, 165.00, 0.13V, 238242.42, 3.19
37277, 0.6, 161.20, 0.13V, 244094.31, 3.13
37336, 0.6, 164.00, 0.13V, 239756.09, 3.17
37394, 0.6, 161.80, 0.13V, 243152.03, 3.14
37453, 0.6, 163.60, 0.13V, 240366.75, 3.17
37511, 0.6, 164.40, 0.13V, 239148.42, 3.18
37570, 0.6, 164.40, 0.13V, 239148.42, 3.18
37628, 0.6, 165.40, 0.13V, 237642.09, 3.20
37687, 0.6, 163.20, 0.13V, 240980.39, 3.16
37746, 0.6, 162.80, 0.13V, 241597.06, 3.15
37804, 0.6, 164.00, 0.13V, 239756.09, 3.17
37863, 0.6, 164.00, 0.13V, 239756.09, 3.17
37921, 0.6, 163.80, 0.13V, 240061.05, 3.17
37980, 0.6, 161.80, 0.13V, 243152.03, 3.14
38038, 0.6, 164.00, 0.13V, 239756.09, 3.17
38097, 0.6, 164.00, 0.13V, 239756.09, 3.17
38156, 0.6, 159.60, 0.13V, 246641.59, 3.10
38214, 0.6, 162.00, 0.13V, 242839.52, 3.14
38273, 0.6, 163.80, 0.13V, 240061.05, 3.17
38331, 0.6, 163.80, 0.13V, 240061.05, 3.17
38390, 0.6, 164.20, 0.13V, 239451.89, 3.18
38448, 0.6, 162.60, 0.13V, 241906.52, 3.15
38507, 0.6, 159.60, 0.13V, 246641.59, 3.10
38565, 0.6, 163.60, 0.13V, 240366.75, 3.17
38624, 0.6, 164.60, 0.13V, 238845.69, 3.18
38683, 0.6, 164.80, 0.13V, 238543.69, 3.19
38741, 0.6, 162.00, 0.13V, 242839.52, 3.14
38800, 0.6, 164.20, 0.13V, 239451.89, 3.18
38858, 0.6, 163.40, 0.13V, 240673.20, 3.16
38917, 0.6, 164.00, 0.13V, 239756.09, 3.17
38975, 0.6, 165.00, 0.13V, 238242.42, 3.19
39034, 0.6, 165.20, 0.13V, 237941.89, 3.19
39093, 0.6, 164.00, 0.13V, 239756.09, 3.17
39151, 0.6, 165.60, 0.13V, 237342.97, 3.20
39210, 0.6, 163.20, 0.13V, 240980.39, 3.16
39268, 0.6, 164.20, 0.13V, 239451.89, 3.18
39327, 0.6, 160.40, 0.13V, 245361.61, 3.11
39385, 0.6, 163.80, 0.13V, 240061.05, 3.17
39444, 0.6, 163.60, 0.13V, 240366.75, 3.17
39503, 0.6, 163.80, 0.13V, 240061.05, 3.17
39561, 0.6, 166.80, 0.13V, 235563.55, 3.22
39620, 0.6, 164.20, 0.13V, 239451.89, 3.18
39678, 0.6, 161.80, 0.13V, 243152.03, 3.14
39737, 0.6, 161.80, 0.13V, 243152.03, 3.14
39795, 0.6, 165.00, 0.13V, 238242.42, 3.19
39854, 0.6, 164.40, 0.13V, 239148.42, 3.18
39913, 0.6, 164.00, 0.13V, 239756.09, 3.17
39971, 0.6, 164.00, 0.13V, 239756.09, 3.17
40030, 0.6, 164.00, 0.13V, 239756.09, 3.17
40088, 0.6, 163.40, 0.13V, 240673.20, 3.16
40147, 0.6, 165.20, 0.13V, 237941.89, 3.19
40205, 0.6, 165.20, 0.13V, 237941.89, 3.19
40264, 0.6, 164.40, 0.13V, 239148.42, 3.18
40323, 0.6, 162.00, 0.13V, 242839.52, 3.14
40381, 0.6, 163.80, 0.13V, 240061.05, 3.17
40440, 0.6, 163.80, 0.13V, 240061.05, 3.17
40498, 0.6, 164.60, 0.13V, 238845.69, 3.18
40557, 0.6, 164.20, 0.13V, 239451.89, 3.18
40615, 0.6, 164.40, 0.13V, 239148.42, 3.18
40674, 0.6, 163.60, 0.13V, 240366.75, 3.17
40732, 0.6, 162.80, 0.13V, 241597.06, 3.15
40791, 0.6, 163.80, 0.13V, 240061.05, 3.17
40850, 0.6, 161.00, 0.13V, 244409.94, 3.12
40908, 0.6, 166.40, 0.13V, 236153.84, 3.21
40967, 0.6, 164.40, 0.13V, 239148.42, 3.18
41025, 0.6, 162.00, 0.13V, 242839.52, 3.14
41084, 0.6, 161.80, 0.13V, 243152.03, 3.14
41142, 0.6, 164.00, 0.13V, 239756.09, 3.17
41201, 0.6, 168.20, 0.14V, 233519.61, 3.24
41260, 0.6, 161.40, 0.13V, 243779.44, 3.13
41318, 0.6, 165.40, 0.13V, 237642.09, 3.20
41377, 0.6, 162.00, 0.13V, 242839.52, 3.14
41435, 0.6, 163.00, 0.13V, 241288.36, 3.16
41494, 0.6, 163.80, 0.13V, 240061.05, 3.17
41552, 0.6, 162.00, 0.13V, 242839.52, 3.14
41611, 0.6, 164.00, 0.13V, 239756.09, 3.17
41670, 0.6, 164.40, 0.13V, 239148.42, 3.18
41728, 0.6, 164.40, 0.13V, 239148.42, 3.18
41787, 0.6, 164.00, 0.13V, 239756.09, 3.17
41845, 0.6, 166.60, 0.13V, 235858.33, 3.22
41904, 0.6, 163.80, 0.13V, 240061.05, 3.17
41962, 0.6, 161.80, 0.13V, 243152.03, 3.14
42021, 0.6, 164.20, 0.13V, 239451.89, 3.18
42080, 0.6, 164.20, 0.13V, 239451.89, 3.18
42138, 0.6, 166.20, 0.13V, 236450.08, 3.21
42197, 0.6, 171.60, 0.14V, 228694.62, 3.30
42255, 0.7, 164.00, 0.13V, 239756.09, 3.17
42314, 0.7, 173.60, 0.14V, 225944.69, 3.34
42373, 0.7, 179.80, 0.14V, 217808.67, 3.44
42431, 0.7, 186.60, 0.15V, 209506.95, 3.55
42490, 0.7, 188.20, 0.15V, 207640.80, 3.58
42548, 0.7, 193.40, 0.16V, 201789.03, 3.67
42607, 0.7, 188.60, 0.15V, 207179.20, 3.59
42665, 0.7, 190.80, 0.15V, 204675.05, 3.62
42724, 0.7, 191.80, 0.15V, 203555.78, 3.64
42783, 0.7, 193.60, 0.16V, 201570.25, 3.67
42841, 0.7, 192.20, 0.15V, 203111.34, 3.65
42900, 0.7, 189.80, 0.15V, 205806.11, 3.61
42958, 0.7, 193.00, 0.16V, 202228.00, 3.66
43017, 0.7, 193.20, 0.16V, 202008.28, 3.66
43075, 0.7, 193.20, 0.16V, 202008.28, 3.66
43134, 0.7, 192.40, 0.16V, 202889.83, 3.65
43192, 0.7, 193.20, 0.16V, 202008.28, 3.66
43251, 0.7, 191.20, 0.15V, 204225.95, 3.63
43309, 0.7, 193.40, 0.16V, 201789.03, 3.67
43368, 0.7, 194.00, 0.16V, 201134.02, 3.68
43427, 0.7, 192.80, 0.16V, 202448.14, 3.66
43485, 0.7, 192.80, 0.16V, 202448.14, 3.66
43544, 0.7, 191.60, 0.15V, 203778.69, 3.64
43602, 0.7, 190.00, 0.15V, 205578.94, 3.61
43661, 0.7, 192.80, 0.16V, 202448.14, 3.66
43719, 0.7, 193.80, 0.16V, 201351.91, 3.67
43778, 0.7, 192.60, 0.16V, 202668.75, 3.65
43837, 0.7, 192.40, 0.16V, 202889.83, 3.65
43895, 0.7, 196.80, 0.16V, 198130.08, 3.72
43954, 0.7, 196.60, 0.16V, 198341.80, 3.72
44012, 0.7, 192.80, 0.16V, 202448.14, 3.66
44071, 0.7, 193.60, 0.16V, 201570.25, 3.67
44129, 0.7, 192.60, 0.16V, 202668.75, 3.65
44188, 0.7, 191.60, 0.15V, 203778.69, 3.64
44246, 0.7, 193.40, 0.16V, 201789.03, 3.67
44305, 0.7, 190.80, 0.15V, 204675.05, 3.62
44364, 0.7, 192.80, 0.16V, 202448.14, 3.66
44422, 0.7, 192.80, 0.16V, 202448.14, 3.66
44481, 0.7, 193.80, 0.16V, 201351.91, 3.67
44539, 0.7, 193.60, 0.16V, 201570.25, 3.67
44598, 0.7, 190.20, 0.15V, 205352.27, 3.61
44656, 0.7, 190.20, 0.15V, 205352.27, 3.61
44715, 0.7, 192.80, 0.16V, 202448.14, 3.66
44774, 0.7, 192.20, 0.15V, 203111.34, 3.65
44832, 0.7, 191.80, 0.15V, 203555.78, 3.64
44891, 0.7, 193.20, 0.16V, 202008.28, 3.66
44949, 0.7, 192.60, 0.16V, 202668.75, 3.65
45008, 0.7, 190.80, 0.15V, 204675.05, 3.62
45066, 0.7, 192.60, 0.16V, 202668.75, 3.65
45125, 0.7, 193.00, 0.16V, 202228.00, 3.66
45184, 0.7, 190.20, 0.15V, 205352.27, 3.61
45242, 0.7, 193.00, 0.16V, 202228.00, 3.66
45301, 0.7, 192.60, 0.16V, 202668.75, 3.65
45359, 0.7, 192.40, 0.16V, 202889.83, 3.65
45418, 0.7, 196.20, 0.16V, 198766.58, 3.71
45476, 0.7, 192.60, 0.16V, 202668.75, 3.65
45535, 0.7, 193.00, 0.16V, 202228.00, 3.66
45593, 0.7, 189.80, 0.15V, 205806.11, 3.61
45652, 0.7, 190.60, 0.15V, 204900.30, 3.62
45711, 0.7, 178.00, 0.14V, 220112.36, 3.41
45769, 0.7, 194.00, 0.16V, 201134.02, 3.68
45828, 0.7, 191.00, 0.15V, 204450.27, 3.63
45886, 0.7, 189.40, 0.15V, 206261.88, 3.60
45945, 0.7, 196.40, 0.16V, 198553.97, 3.72
46004, 0.7, 192.80, 0.16V, 202448.14, 3.66
46062, 0.7, 193.60, 0.16V, 201570.25, 3.67
46121, 0.7, 192.60, 0.16V, 202668.75, 3.65
46179, 0.7, 194.20, 0.16V, 200916.58, 3.68
46238, 0.7, 190.80, 0.15V, 204675.05, 3.62
46296, 0.7, 187.60, 0.15V, 208336.88, 3.57
46355, 0.7, 195.80, 0.16V, 199193.03, 3.71
46414, 0.7, 193.20, 0.16V, 202008.28, 3.66
46472, 0.7, 193.60, 0.16V, 201570.25, 3.67
46531, 0.7, 193.40, 0.16V, 201789.03, 3.67
46589, 0.7, 193.00, 0.16V, 202228.00, 3.66
46648, 0.7, 192.80, 0.16V, 202448.14, 3.66
46707, 0.7, 195.40, 0.16V, 199621.30, 3.70
46765, 0.7, 204.00, 0.16V, 190784.30, 3.85
46824, 0.7, 190.20, 0.15V, 205352.27, 3.61
46882, 0.7, 192.80, 0.16V, 202448.14, 3.66
46941, 0.7, 192.60, 0.16V, 202668.75, 3.65
46999, 0.7, 193.00, 0.16V, 202228.00, 3.66
47058, 0.7, 192.80, 0.16V, 202448.14, 3.66
47116, 0.7, 190.40, 0.15V, 205126.06, 3.62
47175, 0.7, 192.40, 0.16V, 202889.83, 3.65
47234, 0.7, 192.60, 0.16V, 202668.75, 3.65
47292, 0.7, 195.60, 0.16V, 199406.95, 3.70
47351, 0.7, 187.80, 0.15V, 208104.36, 3.57
47409, 0.7, 193.40, 0.16V, 201789.03, 3.67
47468, 0.7, 191.00, 0.15V, 204450.27, 3.63
47526, 0.7, 192.60, 0.16V, 202668.75, 3.65
47585, 0.7, 192.60, 0.16V, 202668.75, 3.65
47644, 0.7, 191.00, 0.15V, 204450.27, 3.63
47702, 0.7, 192.40, 0.16V, 202889.83, 3.65
47761, 0.7, 190.20, 0.15V, 205352.27, 3.61
47819, 0.7, 193.00, 0.16V, 202228.00, 3.66
47878, 0.7, 192.60, 0.16V, 202668.75, 3.65
47936, 0.7, 194.20, 0.16V, 200916.58, 3.68
47995, 0.7, 190.60, 0.15V, 204900.30, 3.62
48053, 0.7, 192.80, 0.16V, 202448.14, 3.66
48112, 0.7, 192.60, 0.16V, 202668.75, 3.65
48170, 0.7, 192.80, 0.16V, 202448.14, 3.66
48229, 0.7, 196.00, 0.16V, 198979.59, 3.71
48288, 0.8, 193.20, 0.16V, 202008.28, 3.66
48346, 0.8, 205.00, 0.17V, 189804.88, 3.86
48405, 0.8, 209.60, 0.17V, 185419.84, 3.94
48464, 0.8, 211.20, 0.17V, 183939.41, 3.97
48522, 0.8, 217.20, 0.17V, 178581.94, 4.06
48581, 0.8, 223.40, 0.18V, 173348.25, 4.17
48639, 0.8, 220.20, 0.18V, 176012.72, 4.11
48698, 0.8, 217.80, 0.18V, 178062.44, 4.07
48756, 0.8, 217.80, 0.18V, 178062.44, 4.07
48815, 0.8, 219.60, 0.18V, 176520.94, 4.10
48874, 0.8, 244.00, 0.20V, 157868.84, 4.51
48932, 0.8, 218.00, 0.18V, 177889.92, 4.08
48991, 0.8, 219.40, 0.18V, 176690.98, 4.10
49049, 0.8, 220.60, 0.18V, 175675.44, 4.12
49108, 0.8, 216.60, 0.17V, 179104.33, 4.05
49166, 0.8, 220.60, 0.18V, 175675.44, 4.12
49225, 0.8, 218.80, 0.18V, 177202.94, 4.09
49284, 0.8, 220.80, 0.18V, 175507.23, 4.12
49342, 0.8, 218.00, 0.18V, 177889.92, 4.08
49401, 0.8, 218.60, 0.18V, 177374.19, 4.09
49459, 0.8, 220.00, 0.18V, 176181.81, 4.11
49518, 0.8, 221.80, 0.18V, 174670.88, 4.14
49577, 0.8, 220.60, 0.18V, 175675.44, 4.12
49635, 0.8, 217.40, 0.18V, 178408.47, 4.07
49694, 0.8, 221.60, 0.18V, 174837.53, 4.14
49752, 0.8, 218.80, 0.18V, 177202.94, 4.09
49811, 0.8, 220.60, 0.18V, 175675.44, 4.12
49869, 0.8, 217.20, 0.17V, 178581.94, 4.06
49928, 0.8, 221.20, 0.18V, 175171.80, 4.13
49987, 0.8, 218.20, 0.18V, 177717.69, 4.08
50045, 0.8, 221.80, 0.18V, 174670.88, 4.14
50104, 0.8, 220.60, 0.18V, 175675.44, 4.12
50162, 0.8, 221.60, 0.18V, 174837.53, 4.14
50221, 0.8, 221.00, 0.18V, 175339.38, 4.13
50280, 0.8, 217.40, 0.18V, 178408.47, 4.07
50338, 0.8, 222.00, 0.18V, 174504.52, 4.14
50397, 0.8, 221.60, 0.18V, 174837.53, 4.14
50455, 0.8, 219.00, 0.18V, 177031.95, 4.09
50514, 0.8, 212.60, 0.17V, 182662.28, 3.99
50573, 0.8, 222.20, 0.18V, 174338.44, 4.15
50631, 0.8, 216.20, 0.17V, 179454.22, 4.05
50690, 0.8, 221.40, 0.18V, 175004.52, 4.13
50748, 0.8, 221.20, 0.18V, 175171.80, 4.13
50807, 0.8, 220.60, 0.18V, 175675.44, 4.12
50865, 0.8, 224.00, 0.18V, 172857.12, 4.18
50924, 0.8, 218.80, 0.18V, 177202.94, 4.09
50983, 0.8, 222.00, 0.18V, 174504.52, 4.14
51041, 0.8, 221.20, 0.18V, 175171.80, 4.13
51100, 0.8, 222.00, 0.18V, 174504.52, 4.14
51158, 0.8, 221.00, 0.18V, 175339.38, 4.13
51217, 0.8, 222.40, 0.18V, 174172.67, 4.15
51276, 0.8, 216.00, 0.17V, 179629.62, 4.04
51334, 0.8, 221.60, 0.18V, 174837.53, 4.14
51393, 0.8, 218.00, 0.18V, 177889.92, 4.08
51452, 0.8, 220.40, 0.18V, 175843.92, 4.12
51510, 0.8, 224.20, 0.18V, 172694.02, 4.18
51569, 0.8, 220.80, 0.18V, 175507.23, 4.12
51627, 0.8, 220.20, 0.18V, 176012.72, 4.11
51686, 0.8, 221.80, 0.18V, 174670.88, 4.14
51745, 0.8, 220.80, 0.18V, 175507.23, 4.12
51803, 0.8, 227.20, 0.18V, 170281.70, 4.23
51862, 0.8, 220.80, 0.18V, 175507.23, 4.12
51920, 0.8, 220.60, 0.18V, 175675.44, 4.12
51979, 0.8, 220.40, 0.18V, 175843.92, 4.12
52037, 0.8, 220.40, 0.18V, 175843.92, 4.12
52096, 0.8, 222.20, 0.18V, 174338.44, 4.15
52155, 0.8, 222.20, 0.18V, 174338.44, 4.15
52213, 0.8, 218.40, 0.18V, 177545.80, 4.08
52272, 0.8, 220.40, 0.18V, 175843.92, 4.12
52330, 0.8, 214.60, 0.17V, 180866.73, 4.02
52389, 0.8, 220.60, 0.18V, 175675.44, 4.12
52447, 0.8, 220.80, 0.18V, 175507.23, 4.12
52506, 0.8, 222.00, 0.18V, 174504.52, 4.14
52565, 0.8, 221.40, 0.18V, 175004.52, 4.13
52623, 0.8, 219.00, 0.18V, 177031.95, 4.09
52682, 0.8, 220.80, 0.18V, 175507.23, 4.12
52740, 0.8, 224.40, 0.18V, 172531.20, 4.18
52799, 0.8, 221.40, 0.18V, 175004.52, 4.13
52857, 0.8, 221.00, 0.18V, 175339.38, 4.13
52916, 0.8, 220.80, 0.18V, 175507.23, 4.12
52975, 0.8, 218.60, 0.18V, 177374.19, 4.09
53033, 0.8, 218.40, 0.18V, 177545.80, 4.08
53092, 0.8, 218.20, 0.18V, 177717.69, 4.08
53150, 0.8, 220.60, 0.18V, 175675.44, 4.12
53209, 0.8, 220.40, 0.18V, 175843.92, 4.12
53267, 0.8, 223.00, 0.18V, 173677.14, 4.16
53326, 0.8, 221.00, 0.18V, 175339.38, 4.13
53385, 0.8, 218.20, 0.18V, 177717.69, 4.08
53443, 0.8, 219.40, 0.18V, 176690.98, 4.10
53502, 0.8, 217.80, 0.18V, 178062.44, 4.07
53560, 0.8, 221.80, 0.18V, 174670.88, 4.14
53619, 0.8, 220.00, 0.18V, 176181.81, 4.11
53678, 0.8, 221.40, 0.18V, 175004.52, 4.13
53736, 0.8, 219.20, 0.18V, 176861.33, 4.10
53795, 0.8, 221.20, 0.18V, 175171.80, 4.13
53853, 0.8, 221.80, 0.18V, 174670.88, 4.14
53912, 0.8, 220.80, 0.18V, 175507.23, 4.12
53971, 0.8, 220.60, 0.18V, 175675.44, 4.12
54029, 0.8, 221.40, 0.18V, 175004.52, 4.13
54088, 0.8, 222.00, 0.18V, 174504.52, 4.14
54146, 0.8, 221.60, 0.18V, 174837.53, 4.14
54205, 0.8, 221.00, 0.18V, 175339.38, 4.13
54264, 0.8, 219.60, 0.18V, 176520.94, 4.10
54322, 0.9, 222.40, 0.18V, 174172.67, 4.15
54381, 0.9, 233.20, 0.19V, 165643.22, 4.33
54440, 0.9, 239.20, 0.19V, 161237.45, 4.43
54498, 0.9, 237.60, 0.19V, 162390.58, 4.40
54557, 0.9, 242.80, 0.20V, 158698.52, 4.49
54615, 0.9, 245.40, 0.20V, 156911.19, 4.53
54674, 0.9, 248.00, 0.20V, 155161.30, 4.58
54732, 0.9, 248.20, 0.20V, 155028.20, 4.58
54791, 0.9, 248.00, 0.20V, 155161.30, 4.58
54849, 0.9, 246.40, 0.20V, 156233.77, 4.55
54908, 0.9, 243.40, 0.20V, 158282.66, 4.50
54967, 0.9, 250.40, 0.20V, 153578.28, 4.61
55025, 0.9, 247.00, 0.20V, 155829.97, 4.56
55084, 0.9, 246.80, 0.20V, 155964.34, 4.56
55142, 0.9, 255.60, 0.21V, 150250.39, 4.70
55201, 0.9, 248.60, 0.20V, 154762.67, 4.59
55259, 0.9, 250.00, 0.20V, 153839.98, 4.61
55318, 0.9, 249.20, 0.20V, 154365.98, 4.59
55377, 0.9, 246.20, 0.20V, 156368.81, 4.55
55435, 0.9, 247.80, 0.20V, 155294.59, 4.57
55494, 0.9, 249.20, 0.20V, 154365.98, 4.59
55552, 0.9, 257.20, 0.21V, 149253.50, 4.73
55611, 0.9, 250.80, 0.20V, 153317.38, 4.62
55670, 0.9, 249.80, 0.20V, 153971.17, 4.60
55728, 0.9, 245.00, 0.20V, 157183.67, 4.53
55787, 0.9, 250.20, 0.20V, 153709.03, 4.61
55845, 0.9, 246.60, 0.20V, 156098.94, 4.55
55904, 0.9, 245.40, 0.20V, 156911.19, 4.53
55962, 0.9, 250.80, 0.20V, 153317.38, 4.62
56021, 0.9, 250.40, 0.20V, 153578.28, 4.61
56080, 0.9, 250.20, 0.20V, 153709.03, 4.61
56138, 0.9, 249.00, 0.20V, 154497.98, 4.59
56197, 0.9, 248.40, 0.20V, 154895.33, 4.58
56255, 0.9, 248.80, 0.20V, 154630.22, 4.59
56314, 0.9, 250.80, 0.20V, 153317.38, 4.62
56373, 0.9, 249.20, 0.20V, 154365.98, 4.59
56431, 0.9, 248.60, 0.20V, 154762.67, 4.59
56490, 0.9, 249.20, 0.20V, 154365.98, 4.59
56548, 0.9, 256.40, 0.21V, 149750.39, 4.71
56607, 0.9, 250.40, 0.20V, 153578.28, 4.61
56666, 0.9, 249.20, 0.20V, 154365.98, 4.59
56724, 0.9, 249.00, 0.20V, 154497.98, 4.59
56783, 0.9, 249.40, 0.20V, 154234.16, 4.60
56841, 0.9, 252.80, 0.20V, 152025.31, 4.65
56900, 0.9, 251.40, 0.20V, 152927.61, 4.63
56958, 0.9, 248.60, 0.20V, 154762.67, 4.59
57017, 0.9, 252.40, 0.20V, 152282.08, 4.65
57076, 0.9, 248.60, 0.20V, 154762.67, 4.59
57134, 0.9, 246.40, 0.20V, 156233.77, 4.55
57193, 0.9, 249.00, 0.20V, 154497.98, 4.59
57251, 0.9, 249.80, 0.20V, 153971.17, 4.60
57310, 0.9, 249.00, 0.20V, 154497.98, 4.59
57368, 0.9, 250.00, 0.20V, 153839.98, 4.61
57427, 0.9, 248.60, 0.20V, 154762.67, 4.59
57485, 0.9, 249.60, 0.20V, 154102.55, 4.60
57544, 0.9, 249.40, 0.20V, 154234.16, 4.60
57603, 0.9, 246.80, 0.20V, 155964.34, 4.56
57661, 0.9, 249.40, 0.20V, 154234.16, 4.60
57720, 0.9, 244.80, 0.20V, 157320.25, 4.52
57778, 0.9, 248.60, 0.20V, 154762.67, 4.59
57837, 0.9, 250.20, 0.20V, 153709.03, 4.61
57896, 0.9, 247.00, 0.20V, 155829.97, 4.56
57954, 0.9, 247.40, 0.20V, 155561.84, 4.57
58013, 0.9, 253.40, 0.20V, 151641.67, 4.66
58071, 0.9, 248.80, 0.20V, 154630.22, 4.59
58130, 0.9, 242.20, 0.20V, 159116.44, 4.48
58188, 0.9, 248.20, 0.20V, 155028.20, 4.58
58247, 0.9, 246.40, 0.20V, 156233.77, 4.55
58305, 0.9, 250.20, 0.20V, 153709.03, 4.61
58364, 0.9, 247.60, 0.20V, 155428.11, 4.57
58423, 0.9, 244.00, 0.20V, 157868.84, 4.51
58481, 0.9, 245.00, 0.20V, 157183.67, 4.53
58540, 0.9, 249.40, 0.20V, 154234.16, 4.60
58598, 0.9, 249.80, 0.20V, 153971.17, 4.60
58657, 0.9, 246.40, 0.20V, 156233.77, 4.55
58715, 0.9, 246.60, 0.20V, 156098.94, 4.55
58774, 0.9, 248.80, 0.20V, 154630.22, 4.59
58833, 0.9, 247.00, 0.20V, 155829.97, 4.56
58891, 0.9, 248.40, 0.20V, 154895.33, 4.58
58950, 0.9, 248.60, 0.20V, 154762.67, 4.59
59008, 0.9, 253.80, 0.20V, 151386.92, 4.67
59067, 0.9, 249.80, 0.20V, 153971.17, 4.60
59125, 0.9, 250.20, 0.20V, 153709.03, 4.61
59184, 0.9, 250.20, 0.20V, 153709.03, 4.61
59242, 0.9, 246.40, 0.20V, 156233.77, 4.55
59301, 0.9, 249.80, 0.20V, 153971.17, 4.60
59360, 0.9, 249.40, 0.20V, 154234.16, 4.60
59418, 0.9, 248.00, 0.20V, 155161.30, 4.58
59477, 0.9, 248.80, 0.20V, 154630.22, 4.59
59535, 0.9, 247.60, 0.20V, 155428.11, 4.57
59594, 0.9, 246.60, 0.20V, 156098.94, 4.55
59652, 0.9, 247.60, 0.20V, 155428.11, 4.57
59711, 0.9, 248.40, 0.20V, 154895.33, 4.58
59770, 0.9, 249.00, 0.20V, 154497.98, 4.59
59828, 0.9, 248.20, 0.20V, 155028.20, 4.58
59887, 0.9, 255.80, 0.21V, 150125.08, 4.70
59945, 0.9, 249.40, 0.20V, 154234.16, 4.60
60004, 0.9, 249.80, 0.20V, 153971.17, 4.60
60062, 0.9, 245.60, 0.20V, 156775.25, 4.54
60121, 0.9, 241.00, 0.19V, 159958.52, 4.46
60180, 0.9, 248.60, 0.20V, 154762.67, 4.59
60238, 0.9, 249.40, 0.20V, 154234.16, 4.60
60297, 0.9, 253.40, 0.20V, 151641.67, 4.66
60355, 1.0, 249.00, 0.20V, 154497.98, 4.59
60414, 1.0, 259.20, 0.21V, 148024.69, 4.76
60472, 1.0, 265.20, 0.21V, 144449.47, 4.86
60531, 1.0, 271.40, 0.22V, 140921.14, 4.96
60590, 1.0, 272.60, 0.22V, 140256.78, 4.98
60648, 1.0, 277.80, 0.22V, 137444.20, 5.07
60707, 1.0, 273.00, 0.22V, 140036.62, 4.99
60765, 1.0, 279.80, 0.23V, 136390.28, 5.10
60824, 1.0, 274.20, 0.22V, 139380.00, 5.01
60883, 1.0, 277.00, 0.22V, 137870.03, 5.05
60941, 1.0, 278.60, 0.22V, 137020.81, 5.08
61000, 1.0, 280.80, 0.23V, 135868.95, 5.12
61058, 1.0, 276.20, 0.22V, 138298.33, 5.04
61117, 1.0, 278.20, 0.22V, 137232.20, 5.07
61175, 1.0, 281.00, 0.23V, 135765.12, 5.12
61234, 1.0, 276.80, 0.22V, 137976.89, 5.05
61293, 1.0, 279.80, 0.23V, 136390.28, 5.10
61351, 1.0, 277.80, 0.22V, 137444.20, 5.07
61410, 1.0, 274.60, 0.22V, 139162.42, 5.01
61469, 1.0, 279.00, 0.22V, 136810.03, 5.09
61527, 1.0, 275.40, 0.22V, 138729.12, 5.03
61586, 1.0, 276.00, 0.22V, 138405.80, 5.04
61644, 1.0, 277.00, 0.22V, 137870.03, 5.05
61703, 1.0, 277.40, 0.22V, 137656.81, 5.06
61762, 1.0, 277.60, 0.22V, 137550.44, 5.06
61820, 1.0, 274.00, 0.22V, 139489.05, 5.00
61879, 1.0, 277.00, 0.22V, 137870.03, 5.05
61937, 1.0, 277.00, 0.22V, 137870.03, 5.05
61996, 1.0, 277.20, 0.22V, 137763.34, 5.06
62054, 1.0, 277.40, 0.22V, 137656.81, 5.06
62113, 1.0, 276.20, 0.22V, 138298.33, 5.04
62171, 1.0, 278.80, 0.22V, 136915.36, 5.08
62230, 1.0, 276.20, 0.22V, 138298.33, 5.04
62289, 1.0, 278.80, 0.22V, 136915.36, 5.08
62347, 1.0, 280.60, 0.23V, 135972.92, 5.11
62406, 1.0, 278.00, 0.22V, 137338.14, 5.07
62464, 1.0, 275.40, 0.22V, 138729.12, 5.03
62523, 1.0, 277.60, 0.22V, 137550.44, 5.06
62582, 1.0, 275.60, 0.22V, 138621.19, 5.03
62640, 1.0, 276.80, 0.22V, 137976.89, 5.05
62699, 1.0, 275.40, 0.22V, 138729.12, 5.03
62757, 1.0, 276.80, 0.22V, 137976.89, 5.05
62816, 1.0, 275.40, 0.22V, 138729.12, 5.03
62875, 1.0, 276.20, 0.22V, 138298.33, 5.04
62933, 1.0, 277.00, 0.22V, 137870.03, 5.05
62992, 1.0, 277.00, 0.22V, 137870.03, 5.05
63050, 1.0, 281.80, 0.23V, 135351.33, 5.13
63109, 1.0, 277.00, 0.22V, 137870.03, 5.05
63168, 1.0, 276.60, 0.22V, 138083.88, 5.05
63226, 1.0, 277.60, 0.22V, 137550.44, 5.06
63285, 1.0, 276.60, 0.22V, 138083.88, 5.05
63344, 1.0, 274.00, 0.22V, 139489.05, 5.00
63402, 1.0, 276.00, 0.22V, 138405.80, 5.04
63461, 1.0, 278.00, 0.22V, 137338.14, 5.07
63519, 1.0, 279.40, 0.23V, 136599.86, 5.09
63578, 1.0, 271.40, 0.22V, 140921.14, 4.96
63637, 1.0, 276.60, 0.22V, 138083.88, 5.05
63695, 1.0, 274.40, 0.22V, 139271.14, 5.01
63754, 1.0, 280.40, 0.23V, 136077.05, 5.11
63812, 1.0, 276.60, 0.22V, 138083.88, 5.05
63871, 1.0, 275.20, 0.22V, 138837.20, 5.02
63930, 1.0, 276.40, 0.22V, 138191.02, 5.04
63988, 1.0, 277.00, 0.22V, 137870.03, 5.05
64047, 1.0, 276.40, 0.22V, 138191.02, 5.04
64106, 1.0, 271.60, 0.22V, 140810.00, 4.96
64164, 1.0, 278.00, 0.22V, 137338.14, 5.07
64223, 1.0, 278.40, 0.22V, 137126.44, 5.08
64281, 1.0, 277.00, 0.22V, 137870.03, 5.05
64340, 1.0, 276.80, 0.22V, 137976.89, 5.05
64398, 1.0, 277.20, 0.22V, 137763.34, 5.06
64457, 1.0, 276.80, 0.22V, 137976.89, 5.05
64516, 1.0, 277.40, 0.22V, 137656.81, 5.06
64574, 1.0, 277.00, 0.22V, 137870.03, 5.05
64633, 1.0, 275.00, 0.22V, 138945.45, 5.02
64691, 1.0, 278.00, 0.22V, 137338.14, 5.07
64750, 1.0, 275.80, 0.22V, 138513.42, 5.03
64808, 1.0, 278.00, 0.22V, 137338.14, 5.07
64867, 1.0, 274.60, 0.22V, 139162.42, 5.01
64926, 1.0, 277.00, 0.22V, 137870.03, 5.05
64984, 1.0, 277.80, 0.22V, 137444.20, 5.07
65043, 1.0, 277.00, 0.22V, 137870.03, 5.05
65101, 1.0, 276.40, 0.22V, 138191.02, 5.04
65160, 1.0, 275.00, 0.22V, 138945.45, 5.02
65218, 1.0, 277.00, 0.22V, 137870.03, 5.05
65277, 1.0, 271.00, 0.22V, 141143.91, 4.95
65336, 1.0, 276.60, 0.22V, 138083.88, 5.05
65394, 1.0, 276.60, 0.22V, 138083.88, 5.05
65453, 1.0, 278.40, 0.22V, 137126.44, 5.08
65512, 1.0, 277.00, 0.22V, 137870.03, 5.05
65570, 1.0, 275.80, 0.22V, 138513.42, 5.03
65629, 1.0, 277.60, 0.22V, 137550.44, 5.06
65687, 1.0, 276.60, 0.22V, 138083.88, 5.05
65746, 1.0, 277.80, 0.22V, 137444.20, 5.07
65805, 1.0, 278.60, 0.22V, 137020.81, 5.08
65863, 1.0, 274.60, 0.22V, 139162.42, 5.01
65922, 1.0, 275.00, 0.22V, 138945.45, 5.02
65980, 1.0, 278.20, 0.22V, 137232.20, 5.07
66039, 1.0, 274.80, 0.22V, 139053.86, 5.02
66097, 1.0, 278.00, 0.22V, 137338.14, 5.07
66156, 1.0, 277.20, 0.22V, 137763.34, 5.06
66215, 1.0, 276.60, 0.22V, 138083.88, 5.05
66273, 1.0, 269.20, 0.22V, 142154.52, 4.92
66332, 1.0, 282.20, 0.23V, 135145.28, 5.14