Millis;DutyCycle;ADC;Voltage(V);Resistance(ohm);LUX
132235; 0,0; 17; 0,01V; 2399411,75; 0,31
135285; 0,0; 17; 0,01V; 2399411,75; 0,31
135336; 0,0; 22; 0,02V; 1851818,25; 0,43
135386; 0,0; 17; 0,01V; 2399411,75; 0,31
135437; 0,0; 17; 0,01V; 2399411,75; 0,31
135488; 0,0; 17; 0,01V; 2399411,75; 0,31
135538; 0,0; 18; 0,01V; 2265555,50; 0,34
135589; 0,0; 17; 0,01V; 2399411,75; 0,31
135639; 0,0; 17; 0,01V; 2399411,75; 0,31
135690; 0,0; 17; 0,01V; 2399411,75; 0,31
135740; 0,0; 17; 0,01V; 2399411,75; 0,31
135791; 0,0; 5; 0,00V; 8182000,00; 0,07
135841; 0,0; 16; 0,01V; 2550000,00; 0,29
135892; 0,0; 17; 0,01V; 2399411,75; 0,31
135942; 0,0; 17; 0,01V; 2399411,75; 0,31
135993; 0,0; 17; 0,01V; 2399411,75; 0,31
136044; 0,0; 17; 0,01V; 2399411,75; 0,31
136094; 0,0; 17; 0,01V; 2399411,75; 0,31
136145; 0,0; 17; 0,01V; 2399411,75; 0,31
136195; 0,0; 16; 0,01V; 2550000,00; 0,29
136246; 0,0; 17; 0,01V; 2399411,75; 0,31
136296; 0,0; 16; 0,01V; 2550000,00; 0,29
136347; 0,0; 19; 0,02V; 2145789,50; 0,36
136397; 0,0; 17; 0,01V; 2399411,75; 0,31
136448; 0,0; 4; 0,00V; 10230000,00; 0,05
136498; 0,0; 17; 0,01V; 2399411,75; 0,31
136549; 0,0; 3; 0,00V; 13643334,00; 0,04
136600; 0,0; 17; 0,01V; 2399411,75; 0,31
136650; 0,0; 4; 0,00V; 10230000,00; 0,05
136701; 0,0; 20; 0,02V; 2038000,00; 0,38
136751; 0,0; 17; 0,01V; 2399411,75; 0,31
136802; 0,0; 20; 0,02V; 2038000,00; 0,38
136852; 0,0; 17; 0,01V; 2399411,75; 0,31
136903; 0,0; 16; 0,01V; 2550000,00; 0,29
136953; 0,0; 16; 0,01V; 2550000,00; 0,29
137004; 0,0; 21; 0,02V; 1940476,25; 0,41
137054; 0,0; 5; 0,00V; 8182000,00; 0,07
137105; 0,0; 16; 0,01V; 2550000,00; 0,29
137156; 0,0; 16; 0,01V; 2550000,00; 0,29
137206; 0,0; 17; 0,01V; 2399411,75; 0,31
137257; 0,0; 17; 0,01V; 2399411,75; 0,31
137307; 0,0; 17; 0,01V; 2399411,75; 0,31
137358; 0,0; 16; 0,01V; 2550000,00; 0,29
137408; 0,0; 16; 0,01V; 2550000,00; 0,29
137459; 0,0; 16; 0,01V; 2550000,00; 0,29
137509; 0,0; 16; 0,01V; 2550000,00; 0,29
137560; 0,0; 17; 0,01V; 2399411,75; 0,31
137610; 0,0; 17; 0,01V; 2399411,75; 0,31
137661; 0,0; 17; 0,01V; 2399411,75; 0,31
137712; 0,0; 17; 0,01V; 2399411,75; 0,31
137762; 0,0; 17; 0,01V; 2399411,75; 0,31
137813; 0,0; 17; 0,01V; 2399411,75; 0,31
137863; 0,0; 18; 0,01V; 2265555,50; 0,34
137914; 0,0; 4; 0,00V; 10230000,00; 0,05
137964; 0,0; 22; 0,02V; 1851818,25; 0,43
138015; 0,0; 17; 0,01V; 2399411,75; 0,31
138065; 0,0; 17; 0,01V; 2399411,75; 0,31
138116; 0,0; 35; 0,03V; 1160285,75; 0,77
138166; 0,0; 17; 0,01V; 2399411,75; 0,31
138217; 0,0; 17; 0,01V; 2399411,75; 0,31
138268; 0,1; 17; 0,01V; 2399411,75; 0,31
138318; 0,1; 17; 0,01V; 2399411,75; 0,31
138369; 0,1; 18; 0,01V; 2265555,50; 0,34
138419; 0,1; 20; 0,02V; 2038000,00; 0,38
138470; 0,1; 12; 0,01V; 3403333,50; 0,20
138521; 0,1; 21; 0,02V; 1940476,25; 0,41
138571; 0,1; 26; 0,02V; 1565384,62; 0,53
138622; 0,1; 24; 0,02V; 1696666,75; 0,48
138673; 0,1; 25; 0,02V; 1628400,00; 0,51
138723; 0,1; 26; 0,02V; 1565384,62; 0,53
138774; 0,1; 27; 0,02V; 1507037,00; 0,56
138825; 0,1; 30; 0,02V; 1355333,25; 0,64
138876; 0,1; 29; 0,02V; 1402413,75; 0,61
138926; 0,1; 29; 0,02V; 1402413,75; 0,61
138977; 0,1; 30; 0,02V; 1355333,25; 0,64
139027; 0,1; 32; 0,03V; 1270000,00; 0,69
139078; 0,1; 32; 0,03V; 1270000,00; 0,69
139129; 0,1; 32; 0,03V; 1270000,00; 0,69
139179; 0,1; 33; 0,03V; 1231212,12; 0,72
139230; 0,1; 34; 0,03V; 1194705,88; 0,75
139281; 0,1; 35; 0,03V; 1160285,75; 0,77
139332; 0,1; 34; 0,03V; 1194705,88; 0,75
139382; 0,1; 35; 0,03V; 1160285,75; 0,77
139433; 0,1; 36; 0,03V; 1127777,75; 0,80
139484; 0,1; 35; 0,03V; 1160285,75; 0,77
139534; 0,1; 25; 0,02V; 1628400,00; 0,51
139585; 0,1; 36; 0,03V; 1127777,75; 0,80
139635; 0,1; 37; 0,03V; 1097027,00; 0,83
139686; 0,1; 38; 0,03V; 1067894,75; 0,86
139737; 0,1; 44; 0,04V; 920909,12; 1,03
139787; 0,1; 31; 0,02V; 1311290,38; 0,67
139838; 0,1; 38; 0,03V; 1067894,75; 0,86
139889; 0,1; 40; 0,03V; 1014000,00; 0,92
139940; 0,1; 39; 0,03V; 1040256,44; 0,89
139990; 0,1; 40; 0,03V; 1014000,00; 0,92
140041; 0,1; 40; 0,03V; 1014000,00; 0,92
140091; 0,1; 40; 0,03V; 1014000,00; 0,92
140142; 0,1; 41; 0,03V; 989024,38; 0,95
140193; 0,1; 42; 0,03V; 965238,12; 0,98
140244; 0,1; 42; 0,03V; 965238,12; 0,98
140294; 0,1; 43; 0,03V; 942558,12; 1,00
140345; 0,1; 42; 0,03V; 965238,12; 0,98
140396; 0,1; 42; 0,03V; 965238,12; 0,98
140447; 0,1; 42; 0,03V; 965238,12; 0,98
140497; 0,1; 42; 0,03V; 965238,12; 0,98
140548; 0,1; 43; 0,03V; 942558,12; 1,00
140599; 0,1; 43; 0,03V; 942558,12; 1,00
140650; 0,1; 43; 0,03V; 942558,12; 1,00
140700; 0,1; 43; 0,03V; 942558,12; 1,00
140751; 0,1; 43; 0,03V; 942558,12; 1,00
140802; 0,1; 44; 0,04V; 920909,12; 1,03
140853; 0,1; 45; 0,04V; 900222,25; 1,06
140903; 0,1; 78; 0,06V; 515128,22; 2,14
140954; 0,1; 44; 0,04V; 920909,12; 1,03
141005; 0,1; 45; 0,04V; 900222,25; 1,06
141055; 0,1; 44; 0,04V; 920909,12; 1,03
141106; 0,1; 43; 0,03V; 942558,12; 1,00
141157; 0,1; 33; 0,03V; 1231212,12; 0,72
141208; 0,1; 45; 0,04V; 900222,25; 1,06
141258; 0,1; 45; 0,04V; 900222,25; 1,06
141309; 0,1; 46; 0,04V; 880434,75; 1,09
141360; 0,1; 46; 0,04V; 880434,75; 1,09
141410; 0,1; 45; 0,04V; 900222,25; 1,06
141461; 0,1; 45; 0,04V; 900222,25; 1,06
141512; 0,1; 44; 0,04V; 920909,12; 1,03
141562; 0,1; 49; 0,04V; 825918,38; 1,19
141613; 0,1; 35; 0,03V; 1160285,75; 0,77
141664; 0,1; 46; 0,04V; 880434,75; 1,09
141714; 0,1; 46; 0,04V; 880434,75; 1,09
141765; 0,1; 45; 0,04V; 900222,25; 1,06
141816; 0,1; 36; 0,03V; 1127777,75; 0,80
141866; 0,1; 46; 0,04V; 880434,75; 1,09
141917; 0,1; 50; 0,04V; 809200,00; 1,22
141968; 0,1; 47; 0,04V; 861489,44; 1,12
142018; 0,1; 45; 0,04V; 900222,25; 1,06
142069; 0,1; 46; 0,04V; 880434,75; 1,09
142119; 0,1; 46; 0,04V; 880434,75; 1,09
142170; 0,1; 46; 0,04V; 880434,75; 1,09
142221; 0,1; 46; 0,04V; 880434,75; 1,09
142271; 0,1; 48; 0,04V; 843333,38; 1,15
142322; 0,1; 45; 0,04V; 900222,25; 1,06
142373; 0,1; 49; 0,04V; 825918,38; 1,19
142424; 0,1; 46; 0,04V; 880434,75; 1,09
142474; 0,1; 46; 0,04V; 880434,75; 1,09
142525; 0,1; 48; 0,04V; 843333,38; 1,15
142576; 0,1; 48; 0,04V; 843333,38; 1,15
142626; 0,1; 48; 0,04V; 843333,38; 1,15
142677; 0,1; 48; 0,04V; 843333,38; 1,15
142728; 0,1; 48; 0,04V; 843333,38; 1,15
142779; 0,1; 48; 0,04V; 843333,38; 1,15
142829; 0,1; 48; 0,04V; 843333,38; 1,15
142880; 0,1; 47; 0,04V; 861489,44; 1,12
142931; 0,1; 112; 0,09V; 355714,25; 3,40
142982; 0,1; 48; 0,04V; 843333,38; 1,15
143032; 0,1; 47; 0,04V; 861489,44; 1,12
143083; 0,1; 49; 0,04V; 825918,38; 1,19
143134; 0,1; 48; 0,04V; 843333,38; 1,15
143184; 0,1; 48; 0,04V; 843333,38; 1,15
143235; 0,1; 50; 0,04V; 809200,00; 1,22
143286; 0,1; 49; 0,04V; 825918,38; 1,19
143337; 0,1; 48; 0,04V; 843333,38; 1,15
143387; 0,1; 48; 0,04V; 843333,38; 1,15
143438; 0,1; 49; 0,04V; 825918,38; 1,19
143489; 0,1; 48; 0,04V; 843333,38; 1,15
143540; 0,1; 48; 0,04V; 843333,38; 1,15
143590; 0,1; 49; 0,04V; 825918,38; 1,19
143641; 0,1; 49; 0,04V; 825918,38; 1,19
143692; 0,1; 49; 0,04V; 825918,38; 1,19
143743; 0,1; 49; 0,04V; 825918,38; 1,19
143793; 0,1; 49; 0,04V; 825918,38; 1,19
143844; 0,1; 49; 0,04V; 825918,38; 1,19
143895; 0,1; 49; 0,04V; 825918,38; 1,19
143946; 0,1; 49; 0,04V; 825918,38; 1,19
143996; 0,1; 49; 0,04V; 825918,38; 1,19
144047; 0,1; 49; 0,04V; 825918,38; 1,19
144098; 0,1; 49; 0,04V; 825918,38; 1,19
144149; 0,1; 48; 0,04V; 843333,38; 1,15
144199; 0,1; 49; 0,04V; 825918,38; 1,19
144250; 0,1; 48; 0,04V; 843333,38; 1,15
144301; 0,2; 48; 0,04V; 843333,38; 1,15
144352; 0,2; 60; 0,05V; 672666,62; 1,53
144402; 0,2; 68; 0,05V; 592352,94; 1,80
144453; 0,2; 74; 0,06V; 543513,50; 2,00
144504; 0,2; 79; 0,06V; 508481,03; 2,17
144554; 0,2; 83; 0,07V; 483494,00; 2,31
144605; 0,2; 86; 0,07V; 466279,06; 2,42
144655; 0,2; 88; 0,07V; 455454,56; 2,49
144706; 0,2; 94; 0,08V; 425744,72; 2,71
144757; 0,2; 91; 0,07V; 440109,91; 2,60
144807; 0,2; 91; 0,07V; 440109,91; 2,60
144858; 0,2; 91; 0,07V; 440109,91; 2,60
144908; 0,2; 92; 0,07V; 435217,38; 2,64
144959; 0,2; 93; 0,07V; 430430,09; 2,68
145010; 0,2; 93; 0,07V; 430430,09; 2,68
145060; 0,2; 93; 0,07V; 430430,09; 2,68
145111; 0,2; 93; 0,07V; 430430,09; 2,68
145161; 0,2; 94; 0,08V; 425744,72; 2,71
145212; 0,2; 94; 0,08V; 425744,72; 2,71
145262; 0,2; 98; 0,08V; 407959,19; 2,86
145313; 0,2; 113; 0,09V; 352477,88; 3,44
145364; 0,2; 94; 0,08V; 425744,72; 2,71
145414; 0,2; 97; 0,08V; 412268,03; 2,83
145465; 0,2; 96; 0,08V; 416666,69; 2,79
145516; 0,2; 96; 0,08V; 416666,69; 2,79
145566; 0,2; 69; 0,06V; 583623,19; 1,83
145617; 0,2; 97; 0,08V; 412268,03; 2,83
145667; 0,2; 97; 0,08V; 412268,03; 2,83
145718; 0,2; 97; 0,08V; 412268,03; 2,83
145768; 0,2; 97; 0,08V; 412268,03; 2,83
145819; 0,2; 96; 0,08V; 416666,69; 2,79
145869; 0,2; 96; 0,08V; 416666,69; 2,79
145920; 0,2; 97; 0,08V; 412268,03; 2,83
145971; 0,2; 97; 0,08V; 412268,03; 2,83
146021; 0,2; 97; 0,08V; 412268,03; 2,83
146072; 0,2; 96; 0,08V; 416666,69; 2,79
146122; 0,2; 98; 0,08V; 407959,19; 2,86
146173; 0,2; 98; 0,08V; 407959,19; 2,86
146223; 0,2; 98; 0,08V; 407959,19; 2,86
146274; 0,2; 104; 0,08V; 383846,16; 3,09
146324; 0,2; 98; 0,08V; 407959,19; 2,86
146375; 0,2; 97; 0,08V; 412268,03; 2,83
146426; 0,2; 98; 0,08V; 407959,19; 2,86
146476; 0,2; 98; 0,08V; 407959,19; 2,86
146527; 0,2; 97; 0,08V; 412268,03; 2,83
146577; 0,2; 98; 0,08V; 407959,19; 2,86
146628; 0,2; 99; 0,08V; 403737,38; 2,90
146679; 0,2; 98; 0,08V; 407959,19; 2,86
146729; 0,2; 98; 0,08V; 407959,19; 2,86
146780; 0,2; 98; 0,08V; 407959,19; 2,86
146830; 0,2; 98; 0,08V; 407959,19; 2,86
146881; 0,2; 103; 0,08V; 387669,91; 3,05
146932; 0,2; 99; 0,08V; 403737,38; 2,90
146982; 0,2; 97; 0,08V; 412268,03; 2,83
147033; 0,2; 98; 0,08V; 407959,19; 2,86
147083; 0,2; 100; 0,08V; 399600,00; 2,94
147134; 0,2; 99; 0,08V; 403737,38; 2,90
147185; 0,2; 100; 0,08V; 399600,00; 2,94
147235; 0,2; 98; 0,08V; 407959,19; 2,86
147286; 0,2; 97; 0,08V; 412268,03; 2,83
147337; 0,2; 99; 0,08V; 403737,38; 2,90
147387; 0,2; 99; 0,08V; 403737,38; 2,90
147438; 0,2; 98; 0,08V; 407959,19; 2,86
147489; 0,2; 99; 0,08V; 403737,38; 2,90
147539; 0,2; 99; 0,08V; 403737,38; 2,90
147590; 0,2; 99; 0,08V; 403737,38; 2,90
147641; 0,2; 98; 0,08V; 407959,19; 2,86
147691; 0,2; 99; 0,08V; 403737,38; 2,90
147742; 0,2; 91; 0,07V; 440109,91; 2,60
147793; 0,2; 99; 0,08V; 403737,38; 2,90
147844; 0,2; 100; 0,08V; 399600,00; 2,94
147894; 0,2; 99; 0,08V; 403737,38; 2,90
147945; 0,2; 99; 0,08V; 403737,38; 2,90
147996; 0,2; 99; 0,08V; 403737,38; 2,90
148046; 0,2; 99; 0,08V; 403737,38; 2,90
148097; 0,2; 99; 0,08V; 403737,38; 2,90
148148; 0,2; 93; 0,07V; 430430,09; 2,68
148198; 0,2; 104; 0,08V; 383846,16; 3,09
148249; 0,2; 100; 0,08V; 399600,00; 2,94
148300; 0,2; 99; 0,08V; 403737,38; 2,90
148350; 0,2; 99; 0,08V; 403737,38; 2,90
148401; 0,2; 100; 0,08V; 399600,00; 2,94
148452; 0,2; 99; 0,08V; 403737,38; 2,90
148502; 0,2; 89; 0,07V; 450224,72; 2,53
148553; 0,2; 88; 0,07V; 455454,56; 2,49
148604; 0,2; 99; 0,08V; 403737,38; 2,90
148654; 0,2; 100; 0,08V; 399600,00; 2,94
148705; 0,2; 99; 0,08V; 403737,38; 2,90
148756; 0,2; 105; 0,08V; 380095,22; 3,13
148806; 0,2; 100; 0,08V; 399600,00; 2,94
148857; 0,2; 102; 0,08V; 391568,59; 3,01
148908; 0,2; 99; 0,08V; 403737,38; 2,90
148958; 0,2; 99; 0,08V; 403737,38; 2,90
149009; 0,2; 100; 0,08V; 399600,00; 2,94
149060; 0,2; 100; 0,08V; 399600,00; 2,94
149110; 0,2; 88; 0,07V; 455454,56; 2,49
149161; 0,2; 101; 0,08V; 395544,56; 2,98
149211; 0,2; 106; 0,09V; 376415,09; 3,17
149262; 0,2; 100; 0,08V; 399600,00; 2,94
149312; 0,2; 100; 0,08V; 399600,00; 2,94
149363; 0,2; 126; 0,10V; 315079,38; 3,95
149414; 0,2; 99; 0,08V; 403737,38; 2,90
149465; 0,2; 100; 0,08V; 399600,00; 2,94
149515; 0,2; 100; 0,08V; 399600,00; 2,94
149566; 0,2; 98; 0,08V; 407959,19; 2,86
149616; 0,2; 100; 0,08V; 399600,00; 2,94
149667; 0,2; 100; 0,08V; 399600,00; 2,94
149717; 0,2; 99; 0,08V; 403737,38; 2,90
149768; 0,2; 100; 0,08V; 399600,00; 2,94
149819; 0,2; 104; 0,08V; 383846,16; 3,09
149869; 0,2; 98; 0,08V; 407959,19; 2,86
149920; 0,2; 100; 0,08V; 399600,00; 2,94
149970; 0,2; 100; 0,08V; 399600,00; 2,94
150021; 0,2; 100; 0,08V; 399600,00; 2,94
150072; 0,2; 105; 0,08V; 380095,22; 3,13
150122; 0,2; 100; 0,08V; 399600,00; 2,94
150173; 0,2; 100; 0,08V; 399600,00; 2,94
150223; 0,2; 101; 0,08V; 395544,56; 2,98
150274; 0,2; 100; 0,08V; 399600,00; 2,94
150324; 0,3; 100; 0,08V; 399600,00; 2,94
150375; 0,3; 114; 0,09V; 349298,25; 3,48
150426; 0,3; 124; 0,10V; 320322,59; 3,87
150476; 0,3; 134; 0,11V; 295671,66; 4,28
150527; 0,3; 139; 0,11V; 284676,28; 4,49
150577; 0,3; 142; 0,11V; 278450,69; 4,61
150628; 0,3; 146; 0,12V; 270547,94; 4,78
150679; 0,3; 146; 0,12V; 270547,94; 4,78
150729; 0,3; 153; 0,12V; 257712,42; 5,08
150780; 0,3; 149; 0,12V; 264899,34; 4,91
150830; 0,3; 155; 0,12V; 254258,06; 5,17
150881; 0,3; 152; 0,12V; 259473,69; 5,04
150931; 0,3; 149; 0,12V; 264899,34; 4,91
150982; 0,3; 150; 0,12V; 263066,66; 4,95
151033; 0,3; 152; 0,12V; 259473,69; 5,04
151083; 0,3; 152; 0,12V; 259473,69; 5,04
151134; 0,3; 153; 0,12V; 257712,42; 5,08
151184; 0,3; 152; 0,12V; 259473,69; 5,04
151235; 0,3; 156; 0,13V; 252564,11; 5,21
151285; 0,3; 154; 0,12V; 255974,03; 5,13
151336; 0,3; 153; 0,12V; 257712,42; 5,08
151387; 0,3; 153; 0,12V; 257712,42; 5,08
151437; 0,3; 152; 0,12V; 259473,69; 5,04
151488; 0,3; 150; 0,12V; 263066,66; 4,95
151538; 0,3; 107; 0,09V; 372803,72; 3,20
151589; 0,3; 152; 0,12V; 259473,69; 5,04
151640; 0,3; 153; 0,12V; 257712,42; 5,08
151690; 0,3; 154; 0,12V; 255974,03; 5,13
151741; 0,3; 153; 0,12V; 257712,42; 5,08
151791; 0,3; 153; 0,12V; 257712,42; 5,08
151842; 0,3; 153; 0,12V; 257712,42; 5,08
151892; 0,3; 153; 0,12V; 257712,42; 5,08
151943; 0,3; 153; 0,12V; 257712,42; 5,08
151994; 0,3; 152; 0,12V; 259473,69; 5,04
152044; 0,3; 153; 0,12V; 257712,42; 5,08
152095; 0,3; 153; 0,12V; 257712,42; 5,08
152145; 0,3; 153; 0,12V; 257712,42; 5,08
152196; 0,3; 152; 0,12V; 259473,69; 5,04
152246; 0,3; 154; 0,12V; 255974,03; 5,13
152297; 0,3; 153; 0,12V; 257712,42; 5,08
152348; 0,3; 154; 0,12V; 255974,03; 5,13
152398; 0,3; 153; 0,12V; 257712,42; 5,08
152449; 0,3; 155; 0,12V; 254258,06; 5,17
152499; 0,3; 170; 0,14V; 230941,19; 5,83
152550; 0,3; 153; 0,12V; 257712,42; 5,08
152601; 0,3; 153; 0,12V; 257712,42; 5,08
152651; 0,3; 158; 0,13V; 249240,52; 5,30
152702; 0,3; 153; 0,12V; 257712,42; 5,08
152752; 0,3; 156; 0,13V; 252564,11; 5,21
152803; 0,3; 153; 0,12V; 257712,42; 5,08
152853; 0,3; 142; 0,11V; 278450,69; 4,61
152904; 0,3; 156; 0,13V; 252564,11; 5,21
152955; 0,3; 153; 0,12V; 257712,42; 5,08
153005; 0,3; 154; 0,12V; 255974,03; 5,13
153056; 0,3; 153; 0,12V; 257712,42; 5,08
153106; 0,3; 153; 0,12V; 257712,42; 5,08
153157; 0,3; 158; 0,13V; 249240,52; 5,30
153208; 0,3; 154; 0,12V; 255974,03; 5,13
153258; 0,3; 153; 0,12V; 257712,42; 5,08
153309; 0,3; 157; 0,13V; 250891,72; 5,26
153359; 0,3; 153; 0,12V; 257712,42; 5,08
153410; 0,3; 156; 0,13V; 252564,11; 5,21
153460; 0,3; 154; 0,12V; 255974,03; 5,13
153511; 0,3; 153; 0,12V; 257712,42; 5,08
153562; 0,3; 154; 0,12V; 255974,03; 5,13
153612; 0,3; 153; 0,12V; 257712,42; 5,08
153663; 0,3; 142; 0,11V; 278450,69; 4,61
153713; 0,3; 154; 0,12V; 255974,03; 5,13
153764; 0,3; 154; 0,12V; 255974,03; 5,13
153814; 0,3; 154; 0,12V; 255974,03; 5,13
153865; 0,3; 144; 0,12V; 274444,44; 4,70
153916; 0,3; 154; 0,12V; 255974,03; 5,13
153966; 0,3; 154; 0,12V; 255974,03; 5,13
154017; 0,3; 147; 0,12V; 268639,44; 4,83
154067; 0,3; 154; 0,12V; 255974,03; 5,13
154118; 0,3; 153; 0,12V; 257712,42; 5,08
154168; 0,3; 153; 0,12V; 257712,42; 5,08
154219; 0,3; 152; 0,12V; 259473,69; 5,04
154270; 0,3; 155; 0,12V; 254258,06; 5,17
154320; 0,3; 154; 0,12V; 255974,03; 5,13
154371; 0,3; 154; 0,12V; 255974,03; 5,13
154421; 0,3; 153; 0,12V; 257712,42; 5,08
154472; 0,3; 218; 0,18V; 177889,92; 8,08
154523; 0,3; 156; 0,13V; 252564,11; 5,21
154573; 0,3; 149; 0,12V; 264899,34; 4,91
154624; 0,3; 158; 0,13V; 249240,52; 5,30
154674; 0,3; 154; 0,12V; 255974,03; 5,13
154725; 0,3; 154; 0,12V; 255974,03; 5,13
154775; 0,3; 154; 0,12V; 255974,03; 5,13
154826; 0,3; 154; 0,12V; 255974,03; 5,13
154877; 0,3; 154; 0,12V; 255974,03; 5,13
154927; 0,3; 156; 0,13V; 252564,11; 5,21
154978; 0,3; 154; 0,12V; 255974,03; 5,13
155028; 0,3; 154; 0,12V; 255974,03; 5,13
155079; 0,3; 142; 0,11V; 278450,69; 4,61
155130; 0,3; 154; 0,12V; 255974,03; 5,13
155180; 0,3; 154; 0,12V; 255974,03; 5,13
155231; 0,3; 159; 0,13V; 247610,05; 5,34
155281; 0,3; 154; 0,12V; 255974,03; 5,13
155332; 0,3; 159; 0,13V; 247610,05; 5,34
155382; 0,3; 154; 0,12V; 255974,03; 5,13
155433; 0,3; 154; 0,12V; 255974,03; 5,13
155484; 0,3; 156; 0,13V; 252564,11; 5,21
155534; 0,3; 154; 0,12V; 255974,03; 5,13
155585; 0,3; 155; 0,12V; 254258,06; 5,17
155635; 0,3; 154; 0,12V; 255974,03; 5,13
155686; 0,3; 154; 0,12V; 255974,03; 5,13
155736; 0,3; 172; 0,14V; 228139,53; 5,92
155787; 0,3; 155; 0,12V; 254258,06; 5,17
155838; 0,3; 154; 0,12V; 255974,03; 5,13
155888; 0,3; 154; 0,12V; 255974,03; 5,13
155939; 0,3; 134; 0,11V; 295671,66; 4,28
155989; 0,3; 176; 0,14V; 222727,28; 6,10
156040; 0,3; 154; 0,12V; 255974,03; 5,13
156090; 0,3; 155; 0,12V; 254258,06; 5,17
156141; 0,3; 155; 0,12V; 254258,06; 5,17
156192; 0,3; 154; 0,12V; 255974,03; 5,13
156242; 0,3; 154; 0,12V; 255974,03; 5,13
156293; 0,3; 154; 0,12V; 255974,03; 5,13
156343; 0,4; 157; 0,13V; 250891,72; 5,26
156394; 0,4; 171; 0,14V; 229532,17; 5,87
156445; 0,4; 181; 0,15V; 216298,34; 6,33
156495; 0,4; 190; 0,15V; 205578,94; 6,74
156546; 0,4; 195; 0,16V; 200051,27; 6,98
156596; 0,4; 200; 0,16V; 194800,00; 7,21
156647; 0,4; 202; 0,16V; 192772,28; 7,31
156697; 0,4; 203; 0,16V; 191773,42; 7,35
156748; 0,4; 208; 0,17V; 186923,08; 7,59
156799; 0,4; 205; 0,17V; 189804,88; 7,45
156849; 0,4; 193; 0,16V; 202228,00; 6,88
156900; 0,4; 206; 0,17V; 188834,95; 7,50
156951; 0,4; 220; 0,18V; 176181,81; 8,18
157001; 0,4; 207; 0,17V; 187874,39; 7,55
157052; 0,4; 195; 0,16V; 200051,27; 6,98
157102; 0,4; 207; 0,17V; 187874,39; 7,55
157153; 0,4; 207; 0,17V; 187874,39; 7,55
157203; 0,4; 212; 0,17V; 183207,55; 7,79
157254; 0,4; 205; 0,17V; 189804,88; 7,45
157305; 0,4; 206; 0,17V; 188834,95; 7,50
157355; 0,4; 209; 0,17V; 185980,86; 7,64
157406; 0,4; 208; 0,17V; 186923,08; 7,59
157457; 0,4; 206; 0,17V; 188834,95; 7,50
157507; 0,4; 207; 0,17V; 187874,39; 7,55
157558; 0,4; 208; 0,17V; 186923,08; 7,59
157608; 0,4; 209; 0,17V; 185980,86; 7,64
157659; 0,4; 208; 0,17V; 186923,08; 7,59
157709; 0,4; 207; 0,17V; 187874,39; 7,55
157760; 0,4; 208; 0,17V; 186923,08; 7,59
157811; 0,4; 208; 0,17V; 186923,08; 7,59
157861; 0,4; 209; 0,17V; 185980,86; 7,64
157912; 0,4; 208; 0,17V; 186923,08; 7,59
157962; 0,4; 198; 0,16V; 196868,69; 7,12
158013; 0,4; 195; 0,16V; 200051,27; 6,98
158063; 0,4; 197; 0,16V; 197918,78; 7,07
158114; 0,4; 197; 0,16V; 197918,78; 7,07
158165; 0,4; 207; 0,17V; 187874,39; 7,55
158215; 0,4; 209; 0,17V; 185980,86; 7,64
158266; 0,4; 212; 0,17V; 183207,55; 7,79
158316; 0,4; 204; 0,16V; 190784,30; 7,40
158367; 0,4; 205; 0,17V; 189804,88; 7,45
158418; 0,4; 211; 0,17V; 184123,23; 7,74
158468; 0,4; 212; 0,17V; 183207,55; 7,79
158519; 0,4; 207; 0,17V; 187874,39; 7,55
158569; 0,4; 207; 0,17V; 187874,39; 7,55
158620; 0,4; 208; 0,17V; 186923,08; 7,59
158671; 0,4; 197; 0,16V; 197918,78; 7,07
158721; 0,4; 208; 0,17V; 186923,08; 7,59
158772; 0,4; 209; 0,17V; 185980,86; 7,64
158822; 0,4; 208; 0,17V; 186923,08; 7,59
158873; 0,4; 207; 0,17V; 187874,39; 7,55
158923; 0,4; 208; 0,17V; 186923,08; 7,59
158974; 0,4; 212; 0,17V; 183207,55; 7,79
159025; 0,4; 208; 0,17V; 186923,08; 7,59
159075; 0,4; 208; 0,17V; 186923,08; 7,59
159126; 0,4; 208; 0,17V; 186923,08; 7,59
159176; 0,4; 208; 0,17V; 186923,08; 7,59
159227; 0,4; 208; 0,17V; 186923,08; 7,59
159277; 0,4; 209; 0,17V; 185980,86; 7,64
159328; 0,4; 226; 0,18V; 171238,94; 8,47
159379; 0,4; 209; 0,17V; 185980,86; 7,64
159429; 0,4; 236; 0,19V; 163559,33; 8,97
159480; 0,4; 208; 0,17V; 186923,08; 7,59
159530; 0,4; 208; 0,17V; 186923,08; 7,59
159581; 0,4; 209; 0,17V; 185980,86; 7,64
159631; 0,4; 208; 0,17V; 186923,08; 7,59
159682; 0,4; 197; 0,16V; 197918,78; 7,07
159733; 0,4; 209; 0,17V; 185980,86; 7,64
159783; 0,4; 213; 0,17V; 182300,47; 7,83
159834; 0,4; 208; 0,17V; 186923,08; 7,59
159884; 0,4; 208; 0,17V; 186923,08; 7,59
159935; 0,4; 210; 0,17V; 185047,61; 7,69
159986; 0,4; 208; 0,17V; 186923,08; 7,59
160036; 0,4; 207; 0,17V; 187874,39; 7,55
160087; 0,4; 208; 0,17V; 186923,08; 7,59
160137; 0,4; 208; 0,17V; 186923,08; 7,59
160188; 0,4; 208; 0,17V; 186923,08; 7,59
160238; 0,4; 208; 0,17V; 186923,08; 7,59
160289; 0,4; 209; 0,17V; 185980,86; 7,64
160340; 0,4; 208; 0,17V; 186923,08; 7,59
160390; 0,4; 200; 0,16V; 194800,00; 7,21
160441; 0,4; 208; 0,17V; 186923,08; 7,59
160491; 0,4; 208; 0,17V; 186923,08; 7,59
160542; 0,4; 212; 0,17V; 183207,55; 7,79
160592; 0,4; 208; 0,17V; 186923,08; 7,59
160643; 0,4; 208; 0,17V; 186923,08; 7,59
160694; 0,4; 208; 0,17V; 186923,08; 7,59
160744; 0,4; 208; 0,17V; 186923,08; 7,59
160795; 0,4; 208; 0,17V; 186923,08; 7,59
160845; 0,4; 208; 0,17V; 186923,08; 7,59
160896; 0,4; 209; 0,17V; 185980,86; 7,64
160947; 0,4; 208; 0,17V; 186923,08; 7,59
160997; 0,4; 208; 0,17V; 186923,08; 7,59
161048; 0,4; 194; 0,16V; 201134,02; 6,93
161098; 0,4; 208; 0,17V; 186923,08; 7,59
161149; 0,4; 208; 0,17V; 186923,08; 7,59
161199; 0,4; 208; 0,17V; 186923,08; 7,59
161250; 0,4; 208; 0,17V; 186923,08; 7,59
161301; 0,4; 207; 0,17V; 187874,39; 7,55
161351; 0,4; 208; 0,17V; 186923,08; 7,59
161402; 0,4; 207; 0,17V; 187874,39; 7,55
161452; 0,4; 211; 0,17V; 184123,23; 7,74
161503; 0,4; 208; 0,17V; 186923,08; 7,59
161553; 0,4; 208; 0,17V; 186923,08; 7,59
161604; 0,4; 208; 0,17V; 186923,08; 7,59
161655; 0,4; 208; 0,17V; 186923,08; 7,59
161705; 0,4; 208; 0,17V; 186923,08; 7,59
161756; 0,4; 208; 0,17V; 186923,08; 7,59
161806; 0,4; 208; 0,17V; 186923,08; 7,59
161857; 0,4; 208; 0,17V; 186923,08; 7,59
161907; 0,4; 208; 0,17V; 186923,08; 7,59
161958; 0,4; 208; 0,17V; 186923,08; 7,59
162009; 0,4; 208; 0,17V; 186923,08; 7,59
162059; 0,4; 208; 0,17V; 186923,08; 7,59
162110; 0,4; 208; 0,17V; 186923,08; 7,59
162160; 0,4; 206; 0,17V; 188834,95; 7,50
162211; 0,4; 208; 0,17V; 186923,08; 7,59
162261; 0,4; 208; 0,17V; 186923,08; 7,59
162312; 0,4; 208; 0,17V; 186923,08; 7,59
162363; 0,5; 206; 0,17V; 188834,95; 7,50
162413; 0,5; 227; 0,18V; 170440,55; 8,52
162464; 0,5; 235; 0,19V; 164297,86; 8,92
162514; 0,5; 244; 0,20V; 157868,84; 9,38
162565; 0,5; 249; 0,20V; 154497,98; 9,63
162616; 0,5; 253; 0,20V; 151897,23; 9,84
162666; 0,5; 257; 0,21V; 149377,44; 10,05
162717; 0,5; 257; 0,21V; 149377,44; 10,05
162767; 0,5; 260; 0,21V; 147538,47; 10,21
162818; 0,5; 259; 0,21V; 148146,72; 10,15
162868; 0,5; 248; 0,20V; 155161,30; 9,58
162919; 0,5; 260; 0,21V; 147538,47; 10,21
162970; 0,5; 260; 0,21V; 147538,47; 10,21
163020; 0,5; 261; 0,21V; 146934,86; 10,26
163071; 0,5; 262; 0,21V; 146335,88; 10,31
163121; 0,5; 261; 0,21V; 146934,86; 10,26
163172; 0,5; 261; 0,21V; 146934,86; 10,26
163223; 0,5; 260; 0,21V; 147538,47; 10,21
163273; 0,5; 261; 0,21V; 146934,86; 10,26
163324; 0,5; 261; 0,21V; 146934,86; 10,26
163374; 0,5; 261; 0,21V; 146934,86; 10,26
163425; 0,5; 261; 0,21V; 146934,86; 10,26
163476; 0,5; 249; 0,20V; 154497,98; 9,63
163526; 0,5; 261; 0,21V; 146934,86; 10,26
163577; 0,5; 261; 0,21V; 146934,86; 10,26
163627; 0,5; 261; 0,21V; 146934,86; 10,26
163678; 0,5; 261; 0,21V; 146934,86; 10,26
163728; 0,5; 261; 0,21V; 146934,86; 10,26
163779; 0,5; 266; 0,21V; 143984,97; 10,52
163830; 0,5; 261; 0,21V; 146934,86; 10,26
163880; 0,5; 261; 0,21V; 146934,86; 10,26
163931; 0,5; 262; 0,21V; 146335,88; 10,31
163982; 0,5; 248; 0,20V; 155161,30; 9,58
164032; 0,5; 261; 0,21V; 146934,86; 10,26
164083; 0,5; 260; 0,21V; 147538,47; 10,21
164133; 0,5; 261; 0,21V; 146934,86; 10,26
164184; 0,5; 261; 0,21V; 146934,86; 10,26
164235; 0,5; 261; 0,21V; 146934,86; 10,26
164285; 0,5; 261; 0,21V; 146934,86; 10,26
164336; 0,5; 262; 0,21V; 146335,88; 10,31
164386; 0,5; 261; 0,21V; 146934,86; 10,26
164437; 0,5; 262; 0,21V; 146335,88; 10,31
164488; 0,5; 262; 0,21V; 146335,88; 10,31
164539; 0,5; 264; 0,21V; 145151,52; 10,42
164589; 0,5; 261; 0,21V; 146934,86; 10,26
164640; 0,5; 261; 0,21V; 146934,86; 10,26
164690; 0,5; 260; 0,21V; 147538,47; 10,21
164741; 0,5; 261; 0,21V; 146934,86; 10,26
164792; 0,5; 261; 0,21V; 146934,86; 10,26
164842; 0,5; 261; 0,21V; 146934,86; 10,26
164893; 0,5; 260; 0,21V; 147538,47; 10,21
164943; 0,5; 261; 0,21V; 146934,86; 10,26
164994; 0,5; 261; 0,21V; 146934,86; 10,26
165044; 0,5; 260; 0,21V; 147538,47; 10,21
165095; 0,5; 261; 0,21V; 146934,86; 10,26
165146; 0,5; 261; 0,21V; 146934,86; 10,26
165196; 0,5; 261; 0,21V; 146934,86; 10,26
165247; 0,5; 249; 0,20V; 154497,98; 9,63
165297; 0,5; 267; 0,22V; 143408,23; 10,58
165348; 0,5; 261; 0,21V; 146934,86; 10,26
165398; 0,5; 262; 0,21V; 146335,88; 10,31
165449; 0,5; 261; 0,21V; 146934,86; 10,26
165500; 0,5; 261; 0,21V; 146934,86; 10,26
165550; 0,5; 262; 0,21V; 146335,88; 10,31
165601; 0,5; 266; 0,21V; 143984,97; 10,52
165652; 0,5; 261; 0,21V; 146934,86; 10,26
165702; 0,5; 260; 0,21V; 147538,47; 10,21
165753; 0,5; 253; 0,20V; 151897,23; 9,84
165804; 0,5; 261; 0,21V; 146934,86; 10,26
165854; 0,5; 265; 0,21V; 144566,05; 10,47
165905; 0,5; 248; 0,20V; 155161,30; 9,58
165955; 0,5; 261; 0,21V; 146934,86; 10,26
166006; 0,5; 261; 0,21V; 146934,86; 10,26
166056; 0,5; 261; 0,21V; 146934,86; 10,26
166107; 0,5; 261; 0,21V; 146934,86; 10,26
166158; 0,5; 267; 0,22V; 143408,23; 10,58
166208; 0,5; 248; 0,20V; 155161,30; 9,58
166259; 0,5; 264; 0,21V; 145151,52; 10,42
166309; 0,5; 265; 0,21V; 144566,05; 10,47
166360; 0,5; 262; 0,21V; 146335,88; 10,31
166411; 0,5; 267; 0,22V; 143408,23; 10,58
166461; 0,5; 261; 0,21V; 146934,86; 10,26
166512; 0,5; 261; 0,21V; 146934,86; 10,26
166563; 0,5; 263; 0,21V; 145741,45; 10,36
166613; 0,5; 260; 0,21V; 147538,47; 10,21
166664; 0,5; 248; 0,20V; 155161,30; 9,58
166714; 0,5; 261; 0,21V; 146934,86; 10,26
166765; 0,5; 262; 0,21V; 146335,88; 10,31
166816; 0,5; 260; 0,21V; 147538,47; 10,21
166866; 0,5; 261; 0,21V; 146934,86; 10,26
166917; 0,5; 261; 0,21V; 146934,86; 10,26
166967; 0,5; 260; 0,21V; 147538,47; 10,21
167018; 0,5; 251; 0,20V; 153187,25; 9,74
167069; 0,5; 260; 0,21V; 147538,47; 10,21
167119; 0,5; 251; 0,20V; 153187,25; 9,74
167170; 0,5; 261; 0,21V; 146934,86; 10,26
167220; 0,5; 266; 0,21V; 143984,97; 10,52
167271; 0,5; 260; 0,21V; 147538,47; 10,21
167321; 0,5; 261; 0,21V; 146934,86; 10,26
167372; 0,5; 260; 0,21V; 147538,47; 10,21
167423; 0,5; 260; 0,21V; 147538,47; 10,21
167473; 0,5; 267; 0,22V; 143408,23; 10,58
167524; 0,5; 261; 0,21V; 146934,86; 10,26
167574; 0,5; 261; 0,21V; 146934,86; 10,26
167625; 0,5; 249; 0,20V; 154497,98; 9,63
167676; 0,5; 261; 0,21V; 146934,86; 10,26
167726; 0,5; 261; 0,21V; 146934,86; 10,26
167777; 0,5; 266; 0,21V; 143984,97; 10,52
167827; 0,5; 260; 0,21V; 147538,47; 10,21
167878; 0,5; 261; 0,21V; 146934,86; 10,26
167928; 0,5; 261; 0,21V; 146934,86; 10,26
167979; 0,5; 261; 0,21V; 146934,86; 10,26
168030; 0,5; 261; 0,21V; 146934,86; 10,26
168080; 0,5; 261; 0,21V; 146934,86; 10,26
168131; 0,5; 261; 0,21V; 146934,86; 10,26
168181; 0,5; 264; 0,21V; 145151,52; 10,42
168232; 0,5; 264; 0,21V; 145151,52; 10,42
168283; 0,5; 261; 0,21V; 146934,86; 10,26
168333; 0,5; 261; 0,21V; 146934,86; 10,26
168384; 0,6; 261; 0,21V; 146934,86; 10,26
168434; 0,6; 278; 0,22V; 137338,14; 11,16
168485; 0,6; 291; 0,23V; 130756,02; 11,87
168535; 0,6; 288; 0,23V; 132222,22; 11,70
168586; 0,6; 304; 0,24V; 124736,84; 12,59
168637; 0,6; 307; 0,25V; 123420,20; 12,76
168687; 0,6; 309; 0,25V; 122556,63; 12,87
168738; 0,6; 312; 0,25V; 121282,05; 13,04
168788; 0,6; 313; 0,25V; 120862,62; 13,10
168839; 0,6; 315; 0,25V; 120031,75; 13,21
168890; 0,6; 314; 0,25V; 120445,86; 13,15
168940; 0,6; 314; 0,25V; 120445,86; 13,15
168991; 0,6; 314; 0,25V; 120445,86; 13,15
169041; 0,6; 314; 0,25V; 120445,86; 13,15
169092; 0,6; 313; 0,25V; 120862,62; 13,10
169143; 0,6; 313; 0,25V; 120862,62; 13,10
169193; 0,6; 317; 0,26V; 119211,36; 13,32
169244; 0,6; 314; 0,25V; 120445,86; 13,15
169294; 0,6; 314; 0,25V; 120445,86; 13,15
169345; 0,6; 319; 0,26V; 118401,26; 13,44
169395; 0,6; 314; 0,25V; 120445,86; 13,15
169446; 0,6; 314; 0,25V; 120445,86; 13,15
169497; 0,6; 313; 0,25V; 120862,62; 13,10
169547; 0,6; 333; 0,27V; 113003,00; 14,24
169598; 0,6; 314; 0,25V; 120445,86; 13,15
169648; 0,6; 314; 0,25V; 120445,86; 13,15
169699; 0,6; 314; 0,25V; 120445,86; 13,15
169750; 0,6; 314; 0,25V; 120445,86; 13,15
169800; 0,6; 314; 0,25V; 120445,86; 13,15
169851; 0,6; 315; 0,25V; 120031,75; 13,21
169901; 0,6; 314; 0,25V; 120445,86; 13,15
169952; 0,6; 314; 0,25V; 120445,86; 13,15
170002; 0,6; 315; 0,25V; 120031,75; 13,21
170053; 0,6; 313; 0,25V; 120862,62; 13,10
170104; 0,6; 315; 0,25V; 120031,75; 13,21
170154; 0,6; 314; 0,25V; 120445,86; 13,15
170205; 0,6; 317; 0,26V; 119211,36; 13,32
170255; 0,6; 314; 0,25V; 120445,86; 13,15
170306; 0,6; 317; 0,26V; 119211,36; 13,32
170357; 0,6; 315; 0,25V; 120031,75; 13,21
170407; 0,6; 314; 0,25V; 120445,86; 13,15
170458; 0,6; 316; 0,25V; 119620,26; 13,27
170508; 0,6; 314; 0,25V; 120445,86; 13,15
170559; 0,6; 314; 0,25V; 120445,86; 13,15
170609; 0,6; 314; 0,25V; 120445,86; 13,15
170660; 0,6; 315; 0,25V; 120031,75; 13,21
170711; 0,6; 313; 0,25V; 120862,62; 13,10
170761; 0,6; 313; 0,25V; 120862,62; 13,10
170812; 0,6; 318; 0,26V; 118805,02; 13,38
170862; 0,6; 314; 0,25V; 120445,86; 13,15
170913; 0,6; 314; 0,25V; 120445,86; 13,15
170964; 0,6; 316; 0,25V; 119620,26; 13,27
171014; 0,6; 315; 0,25V; 120031,75; 13,21
171065; 0,6; 313; 0,25V; 120862,62; 13,10
171115; 0,6; 313; 0,25V; 120862,62; 13,10
171166; 0,6; 314; 0,25V; 120445,86; 13,15
171216; 0,6; 313; 0,25V; 120862,62; 13,10
171267; 0,6; 313; 0,25V; 120862,62; 13,10
171318; 0,6; 312; 0,25V; 121282,05; 13,04
171368; 0,6; 313; 0,25V; 120862,62; 13,10
171419; 0,6; 319; 0,26V; 118401,26; 13,44
171469; 0,6; 313; 0,25V; 120862,62; 13,10
171520; 0,6; 313; 0,25V; 120862,62; 13,10
171571; 0,6; 306; 0,25V; 123856,21; 12,70
171621; 0,6; 314; 0,25V; 120445,86; 13,15
171672; 0,6; 313; 0,25V; 120862,62; 13,10
171722; 0,6; 318; 0,26V; 118805,02; 13,38
171773; 0,6; 313; 0,25V; 120862,62; 13,10
171823; 0,6; 314; 0,25V; 120445,86; 13,15
171874; 0,6; 314; 0,25V; 120445,86; 13,15
171925; 0,6; 313; 0,25V; 120862,62; 13,10
171975; 0,6; 313; 0,25V; 120862,62; 13,10
172026; 0,6; 303; 0,24V; 125181,52; 12,53
172076; 0,6; 308; 0,25V; 122987,02; 12,81
172127; 0,6; 316; 0,25V; 119620,26; 13,27
172178; 0,6; 314; 0,25V; 120445,86; 13,15
172228; 0,6; 314; 0,25V; 120445,86; 13,15
172279; 0,6; 319; 0,26V; 118401,26; 13,44
172329; 0,6; 314; 0,25V; 120445,86; 13,15
172380; 0,6; 314; 0,25V; 120445,86; 13,15
172430; 0,6; 313; 0,25V; 120862,62; 13,10
172481; 0,6; 313; 0,25V; 120862,62; 13,10
172532; 0,6; 302; 0,24V; 125629,14; 12,48
172582; 0,6; 313; 0,25V; 120862,62; 13,10
172633; 0,6; 314; 0,25V; 120445,86; 13,15
172683; 0,6; 314; 0,25V; 120445,86; 13,15
172734; 0,6; 313; 0,25V; 120862,62; 13,10
172785; 0,6; 326; 0,26V; 115644,18; 13,84
172835; 0,6; 314; 0,25V; 120445,86; 13,15
172886; 0,6; 313; 0,25V; 120862,62; 13,10
172936; 0,6; 313; 0,25V; 120862,62; 13,10
172987; 0,6; 314; 0,25V; 120445,86; 13,15
173037; 0,6; 314; 0,25V; 120445,86; 13,15
173088; 0,6; 314; 0,25V; 120445,86; 13,15
173139; 0,6; 314; 0,25V; 120445,86; 13,15
173189; 0,6; 312; 0,25V; 121282,05; 13,04
173240; 0,6; 313; 0,25V; 120862,62; 13,10
173290; 0,6; 313; 0,25V; 120862,62; 13,10
173341; 0,6; 410; 0,33V; 89902,44; 18,96
173392; 0,6; 315; 0,25V; 120031,75; 13,21
173442; 0,6; 302; 0,24V; 125629,14; 12,48
173493; 0,6; 313; 0,25V; 120862,62; 13,10
173543; 0,6; 313; 0,25V; 120862,62; 13,10
173594; 0,6; 313; 0,25V; 120862,62; 13,10
173645; 0,6; 313; 0,25V; 120862,62; 13,10
173695; 0,6; 313; 0,25V; 120862,62; 13,10
173746; 0,6; 314; 0,25V; 120445,86; 13,15
173796; 0,6; 314; 0,25V; 120445,86; 13,15
173847; 0,6; 313; 0,25V; 120862,62; 13,10
173897; 0,6; 313; 0,25V; 120862,62; 13,10
173948; 0,6; 313; 0,25V; 120862,62; 13,10
173999; 0,6; 305; 0,25V; 124295,09; 12,65
174049; 0,6; 301; 0,24V; 126079,73; 12,42
174100; 0,6; 314; 0,25V; 120445,86; 13,15
174150; 0,6; 313; 0,25V; 120862,62; 13,10
174201; 0,6; 316; 0,25V; 119620,26; 13,27
174252; 0,6; 313; 0,25V; 120862,62; 13,10
174302; 0,6; 313; 0,25V; 120862,62; 13,10
174353; 0,6; 312; 0,25V; 121282,05; 13,04
174403; 0,7; 313; 0,25V; 120862,62; 13,10
174454; 0,7; 330; 0,27V; 114121,21; 14,07
174504; 0,7; 333; 0,27V; 113003,00; 14,24
174555; 0,7; 353; 0,28V; 106033,99; 15,42
174606; 0,7; 355; 0,29V; 105380,28; 15,54
174656; 0,7; 358; 0,29V; 104413,41; 15,72
174707; 0,7; 362; 0,29V; 103149,17; 15,96
174757; 0,7; 363; 0,29V; 102837,46; 16,03
174808; 0,7; 363; 0,29V; 102837,46; 16,03
174859; 0,7; 364; 0,29V; 102527,48; 16,09
174909; 0,7; 365; 0,29V; 102219,18; 16,15
174960; 0,7; 364; 0,29V; 102527,48; 16,09
175010; 0,7; 369; 0,30V; 101002,71; 16,39
175061; 0,7; 364; 0,29V; 102527,48; 16,09
175111; 0,7; 364; 0,29V; 102527,48; 16,09
175162; 0,7; 365; 0,29V; 102219,18; 16,15
175213; 0,7; 365; 0,29V; 102219,18; 16,15
175263; 0,7; 364; 0,29V; 102527,48; 16,09
175314; 0,7; 353; 0,28V; 106033,99; 15,42
175364; 0,7; 365; 0,29V; 102219,18; 16,15
175415; 0,7; 369; 0,30V; 101002,71; 16,39
175465; 0,7; 365; 0,29V; 102219,18; 16,15
175516; 0,7; 364; 0,29V; 102527,48; 16,09
175567; 0,7; 357; 0,29V; 104733,90; 15,66
175617; 0,7; 355; 0,29V; 105380,28; 15,54
175668; 0,7; 364; 0,29V; 102527,48; 16,09
175718; 0,7; 364; 0,29V; 102527,48; 16,09
175769; 0,7; 365; 0,29V; 102219,18; 16,15
175819; 0,7; 366; 0,29V; 101912,58; 16,21
175870; 0,7; 365; 0,29V; 102219,18; 16,15
175921; 0,7; 365; 0,29V; 102219,18; 16,15
175971; 0,7; 364; 0,29V; 102527,48; 16,09
176022; 0,7; 364; 0,29V; 102527,48; 16,09
176072; 0,7; 370; 0,30V; 100702,70; 16,45
176123; 0,7; 364; 0,29V; 102527,48; 16,09
176174; 0,7; 365; 0,29V; 102219,18; 16,15
176224; 0,7; 365; 0,29V; 102219,18; 16,15
176275; 0,7; 364; 0,29V; 102527,48; 16,09
176325; 0,7; 365; 0,29V; 102219,18; 16,15
176376; 0,7; 365; 0,29V; 102219,18; 16,15
176426; 0,7; 364; 0,29V; 102527,48; 16,09
176477; 0,7; 368; 0,30V; 101304,34; 16,33
176528; 0,7; 365; 0,29V; 102219,18; 16,15
176578; 0,7; 364; 0,29V; 102527,48; 16,09
176629; 0,7; 366; 0,29V; 101912,58; 16,21
176679; 0,7; 364; 0,29V; 102527,48; 16,09
176730; 0,7; 364; 0,29V; 102527,48; 16,09
176781; 0,7; 364; 0,29V; 102527,48; 16,09
176831; 0,7; 353; 0,28V; 106033,99; 15,42
176882; 0,7; 353; 0,28V; 106033,99; 15,42
176932; 0,7; 383; 0,31V; 96945,16; 17,25
176983; 0,7; 356; 0,29V; 105056,18; 15,60
177033; 0,7; 366; 0,29V; 101912,58; 16,21
177084; 0,7; 365; 0,29V; 102219,18; 16,15
177135; 0,7; 364; 0,29V; 102527,48; 16,09
177185; 0,7; 364; 0,29V; 102527,48; 16,09
177236; 0,7; 365; 0,29V; 102219,18; 16,15
177286; 0,7; 364; 0,29V; 102527,48; 16,09
177337; 0,7; 352; 0,28V; 106363,64; 15,36
177388; 0,7; 364; 0,29V; 102527,48; 16,09
177438; 0,7; 367; 0,30V; 101607,62; 16,27
177489; 0,7; 365; 0,29V; 102219,18; 16,15
177539; 0,7; 367; 0,30V; 101607,62; 16,27
177590; 0,7; 364; 0,29V; 102527,48; 16,09
177641; 0,7; 366; 0,29V; 101912,58; 16,21
177691; 0,7; 365; 0,29V; 102219,18; 16,15
177742; 0,7; 364; 0,29V; 102527,48; 16,09
177793; 0,7; 364; 0,29V; 102527,48; 16,09
177843; 0,7; 370; 0,30V; 100702,70; 16,45
177894; 0,7; 365; 0,29V; 102219,18; 16,15
177944; 0,7; 364; 0,29V; 102527,48; 16,09
177995; 0,7; 365; 0,29V; 102219,18; 16,15
178045; 0,7; 369; 0,30V; 101002,71; 16,39
178096; 0,7; 353; 0,28V; 106033,99; 15,42
178147; 0,7; 364; 0,29V; 102527,48; 16,09
178197; 0,7; 365; 0,29V; 102219,18; 16,15
178248; 0,7; 365; 0,29V; 102219,18; 16,15
178298; 0,7; 365; 0,29V; 102219,18; 16,15
178349; 0,7; 364; 0,29V; 102527,48; 16,09
178399; 0,7; 363; 0,29V; 102837,46; 16,03
178450; 0,7; 368; 0,30V; 101304,34; 16,33
178501; 0,7; 370; 0,30V; 100702,70; 16,45
178551; 0,7; 370; 0,30V; 100702,70; 16,45
178602; 0,7; 369; 0,30V; 101002,71; 16,39
178652; 0,7; 364; 0,29V; 102527,48; 16,09
178703; 0,7; 363; 0,29V; 102837,46; 16,03
178754; 0,7; 365; 0,29V; 102219,18; 16,15
178804; 0,7; 366; 0,29V; 101912,58; 16,21
178855; 0,7; 364; 0,29V; 102527,48; 16,09
178905; 0,7; 364; 0,29V; 102527,48; 16,09
178956; 0,7; 352; 0,28V; 106363,64; 15,36
179006; 0,7; 363; 0,29V; 102837,46; 16,03
179057; 0,7; 364; 0,29V; 102527,48; 16,09
179108; 0,7; 364; 0,29V; 102527,48; 16,09
179158; 0,7; 365; 0,29V; 102219,18; 16,15
179209; 0,7; 364; 0,29V; 102527,48; 16,09
179259; 0,7; 369; 0,30V; 101002,71; 16,39
179310; 0,7; 364; 0,29V; 102527,48; 16,09
179360; 0,7; 364; 0,29V; 102527,48; 16,09
179411; 0,7; 366; 0,29V; 101912,58; 16,21
179462; 0,7; 363; 0,29V; 102837,46; 16,03
179512; 0,7; 365; 0,29V; 102219,18; 16,15
179563; 0,7; 364; 0,29V; 102527,48; 16,09
179613; 0,7; 368; 0,30V; 101304,34; 16,33
179664; 0,7; 364; 0,29V; 102527,48; 16,09
179715; 0,7; 364; 0,29V; 102527,48; 16,09
179765; 0,7; 364; 0,29V; 102527,48; 16,09
179816; 0,7; 364; 0,29V; 102527,48; 16,09
179866; 0,7; 364; 0,29V; 102527,48; 16,09
179917; 0,7; 363; 0,29V; 102837,46; 16,03
179967; 0,7; 365; 0,29V; 102219,18; 16,15
180018; 0,7; 363; 0,29V; 102837,46; 16,03
180069; 0,7; 364; 0,29V; 102527,48; 16,09
180119; 0,7; 364; 0,29V; 102527,48; 16,09
180170; 0,7; 364; 0,29V; 102527,48; 16,09
180220; 0,7; 382; 0,31V; 97225,13; 17,19
180271; 0,7; 364; 0,29V; 102527,48; 16,09
180322; 0,7; 363; 0,29V; 102837,46; 16,03
180372; 0,7; 364; 0,29V; 102527,48; 16,09
180423; 0,8; 365; 0,29V; 102219,18; 16,15
180473; 0,8; 381; 0,31V; 97506,57; 17,13
180524; 0,8; 395; 0,32V; 93696,20; 18,00
180574; 0,8; 402; 0,32V; 91890,55; 18,45
180625; 0,8; 408; 0,33V; 90392,15; 18,83
180676; 0,8; 410; 0,33V; 89902,44; 18,96
180726; 0,8; 412; 0,33V; 89417,48; 19,09
180777; 0,8; 414; 0,33V; 88937,20; 19,22
180827; 0,8; 414; 0,33V; 88937,20; 19,22
180878; 0,8; 419; 0,34V; 87756,57; 19,54
180928; 0,8; 416; 0,34V; 88461,54; 19,34
180979; 0,8; 414; 0,33V; 88937,20; 19,22
181030; 0,8; 415; 0,33V; 88698,80; 19,28
181080; 0,8; 419; 0,34V; 87756,57; 19,54
181131; 0,8; 416; 0,34V; 88461,54; 19,34
181181; 0,8; 415; 0,33V; 88698,80; 19,28
181232; 0,8; 417; 0,34V; 88225,42; 19,41
181283; 0,8; 416; 0,34V; 88461,54; 19,34
181333; 0,8; 415; 0,33V; 88698,80; 19,28
181384; 0,8; 421; 0,34V; 87292,16; 19,67
181434; 0,8; 416; 0,34V; 88461,54; 19,34
181485; 0,8; 416; 0,34V; 88461,54; 19,34
181535; 0,8; 415; 0,33V; 88698,80; 19,28
181586; 0,8; 414; 0,33V; 88937,20; 19,22
181637; 0,8; 416; 0,34V; 88461,54; 19,34
181687; 0,8; 416; 0,34V; 88461,54; 19,34
181738; 0,8; 411; 0,33V; 89659,37; 19,02
181788; 0,8; 415; 0,33V; 88698,80; 19,28
181839; 0,8; 415; 0,33V; 88698,80; 19,28
181890; 0,8; 403; 0,32V; 91637,72; 18,51
181940; 0,8; 415; 0,33V; 88698,80; 19,28
181991; 0,8; 414; 0,33V; 88937,20; 19,22
182041; 0,8; 416; 0,34V; 88461,54; 19,34
182092; 0,8; 415; 0,33V; 88698,80; 19,28
182142; 0,8; 418; 0,34V; 87990,43; 19,47
182193; 0,8; 421; 0,34V; 87292,16; 19,67
182244; 0,8; 414; 0,33V; 88937,20; 19,22
182294; 0,8; 414; 0,33V; 88937,20; 19,22
182345; 0,8; 416; 0,34V; 88461,54; 19,34
182395; 0,8; 414; 0,33V; 88937,20; 19,22
182446; 0,8; 414; 0,33V; 88937,20; 19,22
182497; 0,8; 414; 0,33V; 88937,20; 19,22
182547; 0,8; 416; 0,34V; 88461,54; 19,34
182598; 0,8; 420; 0,34V; 87523,80; 19,60
182648; 0,8; 416; 0,34V; 88461,54; 19,34
182699; 0,8; 414; 0,33V; 88937,20; 19,22
182749; 0,8; 416; 0,34V; 88461,54; 19,34
182800; 0,8; 414; 0,33V; 88937,20; 19,22
182851; 0,8; 416; 0,34V; 88461,54; 19,34
182901; 0,8; 417; 0,34V; 88225,42; 19,41
182952; 0,8; 414; 0,33V; 88937,20; 19,22
183002; 0,8; 415; 0,33V; 88698,80; 19,28
183053; 0,8; 414; 0,33V; 88937,20; 19,22
183104; 0,8; 414; 0,33V; 88937,20; 19,22
183154; 0,8; 415; 0,33V; 88698,80; 19,28
183205; 0,8; 415; 0,33V; 88698,80; 19,28
183255; 0,8; 420; 0,34V; 87523,80; 19,60
183306; 0,8; 417; 0,34V; 88225,42; 19,41
183356; 0,8; 414; 0,33V; 88937,20; 19,22
183407; 0,8; 420; 0,34V; 87523,80; 19,60
183458; 0,8; 413; 0,33V; 89176,75; 19,15
183508; 0,8; 418; 0,34V; 87990,43; 19,47
183559; 0,8; 403; 0,32V; 91637,72; 18,51
183609; 0,8; 414; 0,33V; 88937,20; 19,22
183660; 0,8; 414; 0,33V; 88937,20; 19,22
183711; 0,8; 417; 0,34V; 88225,42; 19,41
183761; 0,8; 416; 0,34V; 88461,54; 19,34
183812; 0,8; 415; 0,33V; 88698,80; 19,28
183862; 0,8; 416; 0,34V; 88461,54; 19,34
183913; 0,8; 414; 0,33V; 88937,20; 19,22
183963; 0,8; 413; 0,33V; 89176,75; 19,15
184014; 0,8; 418; 0,34V; 87990,43; 19,47
184065; 0,8; 420; 0,34V; 87523,80; 19,60
184115; 0,8; 414; 0,33V; 88937,20; 19,22
184166; 0,8; 416; 0,34V; 88461,54; 19,34
184216; 0,8; 415; 0,33V; 88698,80; 19,28
184267; 0,8; 414; 0,33V; 88937,20; 19,22
184318; 0,8; 413; 0,33V; 89176,75; 19,15
184368; 0,8; 414; 0,33V; 88937,20; 19,22
184419; 0,8; 419; 0,34V; 87756,57; 19,54
184469; 0,8; 414; 0,33V; 88937,20; 19,22
184520; 0,8; 414; 0,33V; 88937,20; 19,22
184570; 0,8; 414; 0,33V; 88937,20; 19,22
184621; 0,8; 414; 0,33V; 88937,20; 19,22
184672; 0,8; 414; 0,33V; 88937,20; 19,22
184722; 0,8; 414; 0,33V; 88937,20; 19,22
184773; 0,8; 418; 0,34V; 87990,43; 19,47
184823; 0,8; 413; 0,33V; 89176,75; 19,15
184874; 0,8; 408; 0,33V; 90392,15; 18,83
184924; 0,8; 417; 0,34V; 88225,42; 19,41
184975; 0,8; 403; 0,32V; 91637,72; 18,51
185026; 0,8; 421; 0,34V; 87292,16; 19,67
185076; 0,8; 402; 0,32V; 91890,55; 18,45
185127; 0,8; 415; 0,33V; 88698,80; 19,28
185177; 0,8; 414; 0,33V; 88937,20; 19,22
185228; 0,8; 414; 0,33V; 88937,20; 19,22
185279; 0,8; 416; 0,34V; 88461,54; 19,34
185329; 0,8; 402; 0,32V; 91890,55; 18,45
185380; 0,8; 414; 0,33V; 88937,20; 19,22
185430; 0,8; 441; 0,36V; 82879,82; 20,99
185481; 0,8; 414; 0,33V; 88937,20; 19,22
185531; 0,8; 414; 0,33V; 88937,20; 19,22
185582; 0,8; 414; 0,33V; 88937,20; 19,22
185633; 0,8; 414; 0,33V; 88937,20; 19,22
185683; 0,8; 414; 0,33V; 88937,20; 19,22
185734; 0,8; 414; 0,33V; 88937,20; 19,22
185784; 0,8; 415; 0,33V; 88698,80; 19,28
185835; 0,8; 414; 0,33V; 88937,20; 19,22
185885; 0,8; 418; 0,34V; 87990,43; 19,47
185936; 0,8; 414; 0,33V; 88937,20; 19,22
185987; 0,8; 403; 0,32V; 91637,72; 18,51
186037; 0,8; 413; 0,33V; 89176,75; 19,15
186088; 0,8; 416; 0,34V; 88461,54; 19,34
186138; 0,8; 414; 0,33V; 88937,20; 19,22
186189; 0,8; 413; 0,33V; 89176,75; 19,15
186240; 0,8; 413; 0,33V; 89176,75; 19,15
186290; 0,8; 414; 0,33V; 88937,20; 19,22
186341; 0,8; 414; 0,33V; 88937,20; 19,22
186391; 0,8; 413; 0,33V; 89176,75; 19,15
186442; 0,9; 418; 0,34V; 87990,43; 19,47
186492; 0,9; 432; 0,35V; 84814,81; 20,39
186543; 0,9; 443; 0,36V; 82460,49; 21,12
186594; 0,9; 451; 0,36V; 80820,40; 21,66
186644; 0,9; 456; 0,37V; 79824,56; 22,00
186695; 0,9; 459; 0,37V; 79237,47; 22,20
186745; 0,9; 460; 0,37V; 79043,48; 22,27
186796; 0,9; 493; 0,40V; 73083,16; 24,56
186847; 0,9; 464; 0,37V; 78275,86; 22,54
186897; 0,9; 468; 0,38V; 77521,36; 22,82
186948; 0,9; 463; 0,37V; 78466,52; 22,47
186998; 0,9; 463; 0,37V; 78466,52; 22,47
187049; 0,9; 464; 0,37V; 78275,86; 22,54
187099; 0,9; 466; 0,38V; 77896,99; 22,68
187150; 0,9; 464; 0,37V; 78275,86; 22,54
187201; 0,9; 452; 0,36V; 80619,47; 21,72
187251; 0,9; 464; 0,37V; 78275,86; 22,54
187302; 0,9; 464; 0,37V; 78275,86; 22,54
187352; 0,9; 452; 0,36V; 80619,47; 21,72
187403; 0,9; 463; 0,37V; 78466,52; 22,47
187454; 0,9; 465; 0,37V; 78086,02; 22,61
187504; 0,9; 492; 0,40V; 73252,03; 24,49
187555; 0,9; 464; 0,37V; 78275,86; 22,54
187605; 0,9; 472; 0,38V; 76779,66; 23,09
187656; 0,9; 463; 0,37V; 78466,52; 22,47
187706; 0,9; 462; 0,37V; 78658,01; 22,40
187757; 0,9; 466; 0,38V; 77896,99; 22,68
187808; 0,9; 464; 0,37V; 78275,86; 22,54
187858; 0,9; 463; 0,37V; 78466,52; 22,47
187909; 0,9; 464; 0,37V; 78275,86; 22,54
187959; 0,9; 464; 0,37V; 78275,86; 22,54
188010; 0,9; 465; 0,37V; 78086,02; 22,61
188060; 0,9; 462; 0,37V; 78658,01; 22,40
188111; 0,9; 462; 0,37V; 78658,01; 22,40
188162; 0,9; 462; 0,37V; 78658,01; 22,40
188212; 0,9; 465; 0,37V; 78086,02; 22,61
188263; 0,9; 464; 0,37V; 78275,86; 22,54
188313; 0,9; 460; 0,37V; 79043,48; 22,27
188364; 0,9; 463; 0,37V; 78466,52; 22,47
188415; 0,9; 463; 0,37V; 78466,52; 22,47
188465; 0,9; 452; 0,36V; 80619,47; 21,72
188516; 0,9; 462; 0,37V; 78658,01; 22,40
188566; 0,9; 462; 0,37V; 78658,01; 22,40
188617; 0,9; 451; 0,36V; 80820,40; 21,66
188667; 0,9; 463; 0,37V; 78466,52; 22,47
188718; 0,9; 464; 0,37V; 78275,86; 22,54
188769; 0,9; 464; 0,37V; 78275,86; 22,54
188819; 0,9; 465; 0,37V; 78086,02; 22,61
188870; 0,9; 464; 0,37V; 78275,86; 22,54
188920; 0,9; 463; 0,37V; 78466,52; 22,47
188971; 0,9; 464; 0,37V; 78275,86; 22,54
189022; 0,9; 467; 0,38V; 77708,78; 22,75
189072; 0,9; 462; 0,37V; 78658,01; 22,40
189123; 0,9; 462; 0,37V; 78658,01; 22,40
189173; 0,9; 463; 0,37V; 78466,52; 22,47
189224; 0,9; 465; 0,37V; 78086,02; 22,61
189274; 0,9; 463; 0,37V; 78466,52; 22,47
189325; 0,9; 452; 0,36V; 80619,47; 21,72
189376; 0,9; 462; 0,37V; 78658,01; 22,40
189426; 0,9; 452; 0,36V; 80619,47; 21,72
189477; 0,9; 463; 0,37V; 78466,52; 22,47
189527; 0,9; 463; 0,37V; 78466,52; 22,47
189578; 0,9; 462; 0,37V; 78658,01; 22,40
189629; 0,9; 462; 0,37V; 78658,01; 22,40
189679; 0,9; 448; 0,36V; 81428,56; 21,45
189730; 0,9; 462; 0,37V; 78658,01; 22,40
189780; 0,9; 463; 0,37V; 78466,52; 22,47
189831; 0,9; 462; 0,37V; 78658,01; 22,40
189881; 0,9; 462; 0,37V; 78658,01; 22,40
189932; 0,9; 456; 0,37V; 79824,56; 22,00
189983; 0,9; 463; 0,37V; 78466,52; 22,47
190033; 0,9; 462; 0,37V; 78658,01; 22,40
190084; 0,9; 461; 0,37V; 78850,33; 22,34
190134; 0,9; 463; 0,37V; 78466,52; 22,47
190185; 0,9; 461; 0,37V; 78850,33; 22,34
190235; 0,9; 461; 0,37V; 78850,33; 22,34
190286; 0,9; 462; 0,37V; 78658,01; 22,40
190337; 0,9; 467; 0,38V; 77708,78; 22,75
190387; 0,9; 463; 0,37V; 78466,52; 22,47
190438; 0,9; 462; 0,37V; 78658,01; 22,40
190488; 0,9; 462; 0,37V; 78658,01; 22,40
190539; 0,9; 464; 0,37V; 78275,86; 22,54
190590; 0,9; 462; 0,37V; 78658,01; 22,40
190640; 0,9; 462; 0,37V; 78658,01; 22,40
190691; 0,9; 462; 0,37V; 78658,01; 22,40
190741; 0,9; 463; 0,37V; 78466,52; 22,47
190792; 0,9; 464; 0,37V; 78275,86; 22,54
190842; 0,9; 461; 0,37V; 78850,33; 22,34
190893; 0,9; 462; 0,37V; 78658,01; 22,40
190944; 0,9; 462; 0,37V; 78658,01; 22,40
190994; 0,9; 462; 0,37V; 78658,01; 22,40
191045; 0,9; 462; 0,37V; 78658,01; 22,40
191095; 0,9; 461; 0,37V; 78850,33; 22,34
191146; 0,9; 462; 0,37V; 78658,01; 22,40
191197; 0,9; 465; 0,37V; 78086,02; 22,61
191247; 0,9; 462; 0,37V; 78658,01; 22,40
191298; 0,9; 462; 0,37V; 78658,01; 22,40
191348; 0,9; 453; 0,36V; 80419,43; 21,79
191399; 0,9; 462; 0,37V; 78658,01; 22,40
191449; 0,9; 462; 0,37V; 78658,01; 22,40
191500; 0,9; 462; 0,37V; 78658,01; 22,40
191551; 0,9; 462; 0,37V; 78658,01; 22,40
191601; 0,9; 465; 0,37V; 78086,02; 22,61
191652; 0,9; 462; 0,37V; 78658,01; 22,40
191702; 0,9; 461; 0,37V; 78850,33; 22,34
191753; 0,9; 462; 0,37V; 78658,01; 22,40
191804; 0,9; 462; 0,37V; 78658,01; 22,40
191854; 0,9; 453; 0,36V; 80419,43; 21,79
191905; 0,9; 462; 0,37V; 78658,01; 22,40
191955; 0,9; 462; 0,37V; 78658,01; 22,40
192006; 0,9; 462; 0,37V; 78658,01; 22,40
192056; 0,9; 486; 0,39V; 74279,84; 24,07
192107; 0,9; 458; 0,37V; 79432,31; 22,13
192158; 0,9; 462; 0,37V; 78658,01; 22,40
192208; 0,9; 462; 0,37V; 78658,01; 22,40
192259; 0,9; 464; 0,37V; 78275,86; 22,54
192309; 0,9; 462; 0,37V; 78658,01; 22,40
192360; 0,9; 461; 0,37V; 78850,33; 22,34
192411; 0,9; 461; 0,37V; 78850,33; 22,34
192461; 1,0; 462; 0,37V; 78658,01; 22,40
192512; 1,0; 480; 0,39V; 75333,33; 23,65
192562; 1,0; 492; 0,40V; 73252,03; 24,49
192613; 1,0; 499; 0,40V; 72084,17; 24,99
192663; 1,0; 492; 0,40V; 73252,03; 24,49
192714; 1,0; 506; 0,41V; 70948,62; 25,49
192765; 1,0; 517; 0,42V; 69226,30; 26,28
192815; 1,0; 509; 0,41V; 70471,52; 25,70
192866; 1,0; 510; 0,41V; 70313,72; 25,78
192916; 1,0; 510; 0,41V; 70313,72; 25,78
192967; 1,0; 511; 0,41V; 70156,55; 25,85
193018; 1,0; 500; 0,40V; 71919,99; 25,06
193068; 1,0; 511; 0,41V; 70156,55; 25,85
193119; 1,0; 511; 0,41V; 70156,55; 25,85
193169; 1,0; 506; 0,41V; 70948,62; 25,49
193220; 1,0; 511; 0,41V; 70156,55; 25,85
193270; 1,0; 511; 0,41V; 70156,55; 25,85
193321; 1,0; 511; 0,41V; 70156,55; 25,85
193372; 1,0; 510; 0,41V; 70313,72; 25,78
193422; 1,0; 501; 0,40V; 71756,48; 25,13
193473; 1,0; 510; 0,41V; 70313,72; 25,78
193523; 1,0; 511; 0,41V; 70156,55; 25,85
193574; 1,0; 511; 0,41V; 70156,55; 25,85
193625; 1,0; 511; 0,41V; 70156,55; 25,85
193675; 1,0; 511; 0,41V; 70156,55; 25,85
193726; 1,0; 508; 0,41V; 70629,92; 25,63
193776; 1,0; 499; 0,40V; 72084,17; 24,99
193827; 1,0; 510; 0,41V; 70313,72; 25,78
193878; 1,0; 510; 0,41V; 70313,72; 25,78
193928; 1,0; 510; 0,41V; 70313,72; 25,78
193979; 1,0; 499; 0,40V; 72084,17; 24,99
194029; 1,0; 511; 0,41V; 70156,55; 25,85
194080; 1,0; 511; 0,41V; 70156,55; 25,85
194131; 1,0; 526; 0,42V; 67870,73; 26,94
194181; 1,0; 511; 0,41V; 70156,55; 25,85
194232; 1,0; 511; 0,41V; 70156,55; 25,85
194282; 1,0; 511; 0,41V; 70156,55; 25,85
194333; 1,0; 511; 0,41V; 70156,55; 25,85
194383; 1,0; 511; 0,41V; 70156,55; 25,85
194434; 1,0; 511; 0,41V; 70156,55; 25,85
194485; 1,0; 510; 0,41V; 70313,72; 25,78
194535; 1,0; 511; 0,41V; 70156,55; 25,85
194586; 1,0; 511; 0,41V; 70156,55; 25,85
194636; 1,0; 509; 0,41V; 70471,52; 25,70
194687; 1,0; 511; 0,41V; 70156,55; 25,85
194738; 1,0; 510; 0,41V; 70313,72; 25,78
194788; 1,0; 510; 0,41V; 70313,72; 25,78
194839; 1,0; 510; 0,41V; 70313,72; 25,78
194889; 1,0; 510; 0,41V; 70313,72; 25,78
194940; 1,0; 510; 0,41V; 70313,72; 25,78
194990; 1,0; 510; 0,41V; 70313,72; 25,78
195041; 1,0; 511; 0,41V; 70156,55; 25,85
195092; 1,0; 511; 0,41V; 70156,55; 25,85
195142; 1,0; 510; 0,41V; 70313,72; 25,78
195193; 1,0; 511; 0,41V; 70156,55; 25,85
195243; 1,0; 510; 0,41V; 70313,72; 25,78
195294; 1,0; 510; 0,41V; 70313,72; 25,78
195345; 1,0; 510; 0,41V; 70313,72; 25,78
195395; 1,0; 511; 0,41V; 70156,55; 25,85
195446; 1,0; 511; 0,41V; 70156,55; 25,85
195496; 1,0; 511; 0,41V; 70156,55; 25,85
195547; 1,0; 511; 0,41V; 70156,55; 25,85
195598; 1,0; 512; 0,41V; 70000,00; 25,92
195648; 1,0; 520; 0,42V; 68769,23; 26,50
195699; 1,0; 509; 0,41V; 70471,52; 25,70
195749; 1,0; 510; 0,41V; 70313,72; 25,78
195800; 1,0; 511; 0,41V; 70156,55; 25,85
195851; 1,0; 511; 0,41V; 70156,55; 25,85
195901; 1,0; 511; 0,41V; 70156,55; 25,85
195952; 1,0; 510; 0,41V; 70313,72; 25,78
196002; 1,0; 509; 0,41V; 70471,52; 25,70
196053; 1,0; 510; 0,41V; 70313,72; 25,78
196104; 1,0; 510; 0,41V; 70313,72; 25,78
196154; 1,0; 509; 0,41V; 70471,52; 25,70
196205; 1,0; 510; 0,41V; 70313,72; 25,78
196255; 1,0; 511; 0,41V; 70156,55; 25,85
196306; 1,0; 510; 0,41V; 70313,72; 25,78
196356; 1,0; 511; 0,41V; 70156,55; 25,85
196407; 1,0; 510; 0,41V; 70313,72; 25,78
196458; 1,0; 518; 0,42V; 69073,36; 26,35
196508; 1,0; 511; 0,41V; 70156,55; 25,85
196559; 1,0; 511; 0,41V; 70156,55; 25,85
196609; 1,0; 510; 0,41V; 70313,72; 25,78
196660; 1,0; 510; 0,41V; 70313,72; 25,78
196711; 1,0; 510; 0,41V; 70313,72; 25,78
196761; 1,0; 509; 0,41V; 70471,52; 25,70
196812; 1,0; 511; 0,41V; 70156,55; 25,85
196862; 1,0; 507; 0,41V; 70788,95; 25,56
196913; 1,0; 510; 0,41V; 70313,72; 25,78
196964; 1,0; 509; 0,41V; 70471,52; 25,70
197014; 1,0; 509; 0,41V; 70471,52; 25,70
197065; 1,0; 520; 0,42V; 68769,23; 26,50
197115; 1,0; 510; 0,41V; 70313,72; 25,78
197166; 1,0; 509; 0,41V; 70471,52; 25,70
197216; 1,0; 510; 0,41V; 70313,72; 25,78
197267; 1,0; 511; 0,41V; 70156,55; 25,85
197318; 1,0; 509; 0,41V; 70471,52; 25,70
197368; 1,0; 511; 0,41V; 70156,55; 25,85
197419; 1,0; 509; 0,41V; 70471,52; 25,70
197469; 1,0; 511; 0,41V; 70156,55; 25,85
197520; 1,0; 511; 0,41V; 70156,55; 25,85
197571; 1,0; 511; 0,41V; 70156,55; 25,85
197621; 1,0; 509; 0,41V; 70471,52; 25,70
197672; 1,0; 510; 0,41V; 70313,72; 25,78
197722; 1,0; 511; 0,41V; 70156,55; 25,85
197773; 1,0; 509; 0,41V; 70471,52; 25,70
197824; 1,0; 510; 0,41V; 70313,72; 25,78
197874; 1,0; 510; 0,41V; 70313,72; 25,78
197925; 1,0; 509; 0,41V; 70471,52; 25,70
197975; 1,0; 509; 0,41V; 70471,52; 25,70
198026; 1,0; 509; 0,41V; 70471,52; 25,70
198076; 1,0; 510; 0,41V; 70313,72; 25,78
198127; 1,0; 509; 0,41V; 70471,52; 25,70
198178; 1,0; 511; 0,41V; 70156,55; 25,85
198228; 1,0; 509; 0,41V; 70471,52; 25,70
198279; 1,0; 509; 0,41V; 70471,52; 25,70
198329; 1,0; 509; 0,41V; 70471,52; 25,70
198380; 1,0; 509; 0,41V; 70471,52; 25,70
198431; 1,0; 509; 0,41V; 70471,52; 25,70